{"type":"FeatureCollection","features":[{"type":"Feature","geometry":{"type":"MultiPolygon","coordinates":[[[[-40.7238,-20.8418],[-40.728,-20.8421],[-40.7291,-20.8422],[-40.7406,-20.8462],[-40.7444,-20.848],[-40.7485,-20.8529],[-40.7561,-20.8613],[-40.7586,-20.8642],[-40.7614,-20.8745],[-40.7618,-20.8761],[-40.7584,-20.8791],[-40.7618,-20.8846],[-40.7647,-20.889],[-40.7691,-20.8905],[-40.7714,-20.8909],[-40.7726,-20.8912],[-40.7734,-20.8943],[-40.776,-20.9044],[-40.7848,-20.9143],[-40.7866,-20.9162],[-40.7926,-20.923],[-40.7953,-20.9258],[-40.798,-20.9314],[-40.8035,-20.9431],[-40.8098,-20.967],[-40.8099,-20.9736],[-40.81,-20.9802],[-40.8108,-20.9916],[-40.8102,-20.9948],[-40.8095,-20.9961],[-40.8054,-21.0041],[-40.8006,-21.0047],[-40.8063,-21.0072],[-40.809,-21.0136],[-40.8129,-21.0354],[-40.8197,-21.0405],[-40.8231,-21.0431],[-40.8277,-21.0465],[-40.8335,-21.063],[-40.8358,-21.0695],[-40.838,-21.0758],[-40.8438,-21.0925],[-40.8532,-21.1196],[-40.856,-21.1276],[-40.8565,-21.1279],[-40.8585,-21.1292],[-40.861,-21.1308],[-40.8805,-21.1434],[-40.8838,-21.1478],[-40.885,-21.1493],[-40.8872,-21.1522],[-40.8907,-21.1568],[-40.9011,-21.1632],[-40.9077,-21.1673],[-40.9124,-21.1735],[-40.9256,-21.1912],[-40.9331,-21.2038],[-40.9351,-21.207],[-40.9427,-21.2197],[-40.9441,-21.222],[-40.9455,-21.2243],[-40.9501,-21.232],[-40.9532,-21.2372],[-40.9555,-21.2436],[-40.9582,-21.2514],[-40.9594,-21.2551],[-40.9601,-21.2571],[-40.9604,-21.2606],[-40.9608,-21.2662],[-40.9615,-21.2761],[-40.9617,-21.279],[-40.9611,-21.2823],[-40.9603,-21.2864],[-40.9594,-21.2911],[-40.9572,-21.303],[-40.9643,-21.2995],[-40.9654,-21.2952],[-40.9679,-21.2936],[-40.9711,-21.2939],[-40.9712,-21.2938],[-40.9757,-21.2875],[-40.9763,-21.2854],[-40.9776,-21.2805],[-40.9795,-21.2821],[-40.9852,-21.2865],[-40.9949,-21.2851],[-40.9967,-21.2828],[-40.9981,-21.2657],[-41.002,-21.2587],[-41.006,-21.2517],[-41.0247,-21.2458],[-41.0329,-21.2502],[-41.041,-21.2547],[-41.0551,-21.2381],[-41.0555,-21.2377],[-41.0701,-21.2282],[-41.0721,-21.2296],[-41.073,-21.2303],[-41.0746,-21.2285],[-41.081,-21.2215],[-41.0906,-21.2212],[-41.092,-21.2182],[-41.1023,-21.2217],[-41.1039,-21.2192],[-41.1121,-21.2251],[-41.1188,-21.2299],[-41.1248,-21.2284],[-41.1332,-21.2263],[-41.137,-21.2275],[-41.1389,-21.2321],[-41.1413,-21.2382],[-41.1568,-21.2402],[-41.1606,-21.2455],[-41.1636,-21.2427],[-41.1764,-21.2444],[-41.1741,-21.2406],[-41.1807,-21.2404],[-41.1812,-21.2392],[-41.1825,-21.2358],[-41.1849,-21.2395],[-41.1858,-21.2409],[-41.1831,-21.244],[-41.1877,-21.243],[-41.1905,-21.248],[-41.1925,-21.2422],[-41.1992,-21.2437],[-41.2037,-21.2394],[-41.2049,-21.2434],[-41.2118,-21.2354],[-41.2213,-21.2328],[-41.2205,-21.2303],[-41.2203,-21.2295],[-41.2222,-21.2297],[-41.2259,-21.2301],[-41.2269,-21.2279],[-41.228,-21.2255],[-41.2344,-21.2257],[-41.2409,-21.2207],[-41.2569,-21.2253],[-41.2592,-21.2305],[-41.2617,-21.2363],[-41.2653,-21.2326],[-41.2681,-21.2327],[-41.2719,-21.2329],[-41.2714,-21.2368],[-41.2754,-21.2359],[-41.2767,-21.2398],[-41.2835,-21.2344],[-41.2856,-21.2373],[-41.2884,-21.2337],[-41.2969,-21.2339],[-41.3082,-21.2226],[-41.3107,-21.2192],[-41.311,-21.2188],[-41.3115,-21.219],[-41.3173,-21.2211],[-41.317,-21.2175],[-41.3167,-21.2133],[-41.3257,-21.2126],[-41.3258,-21.2149],[-41.3258,-21.218],[-41.3307,-21.2135],[-41.3341,-21.2103],[-41.3632,-21.2024],[-41.3677,-21.2027],[-41.3726,-21.2029],[-41.3738,-21.2009],[-41.3771,-21.1952],[-41.381,-21.1959],[-41.3818,-21.1997],[-41.3819,-21.1998],[-41.3921,-21.2016],[-41.3981,-21.1999],[-41.403,-21.1984],[-41.4043,-21.1999],[-41.4064,-21.2023],[-41.4088,-21.2],[-41.4103,-21.1986],[-41.4122,-21.2006],[-41.4128,-21.2012],[-41.4135,-21.2009],[-41.4169,-21.1993],[-41.4208,-21.2028],[-41.4352,-21.2155],[-41.4475,-21.2136],[-41.4508,-21.2105],[-41.4537,-21.2079],[-41.4644,-21.2035],[-41.4699,-21.2012],[-41.4795,-21.1934],[-41.4788,-21.1818],[-41.4822,-21.1833],[-41.4879,-21.1799],[-41.4949,-21.1832],[-41.4982,-21.1848],[-41.5017,-21.1814],[-41.5077,-21.1755],[-41.5125,-21.1763],[-41.5137,-21.1788],[-41.5174,-21.1865],[-41.5305,-21.1793],[-41.548,-21.1824],[-41.558,-21.1724],[-41.5653,-21.1822],[-41.5689,-21.1792],[-41.5703,-21.1708],[-41.5746,-21.1681],[-41.5818,-21.1658],[-41.5844,-21.1577],[-41.5874,-21.1483],[-41.6003,-21.1517],[-41.6131,-21.1551],[-41.6269,-21.1451],[-41.6285,-21.144],[-41.6302,-21.1443],[-41.6385,-21.1459],[-41.6464,-21.1441],[-41.6537,-21.1425],[-41.6531,-21.1369],[-41.6606,-21.1334],[-41.6645,-21.1322],[-41.6641,-21.1307],[-41.6623,-21.1246],[-41.6712,-21.1265],[-41.672,-21.1271],[-41.6774,-21.1319],[-41.677,-21.1258],[-41.6778,-21.1248],[-41.6818,-21.1206],[-41.6879,-21.1214],[-41.6923,-21.1158],[-41.6985,-21.1179],[-41.7053,-21.1203],[-41.7042,-21.1266],[-41.7176,-21.1233],[-41.7175,-21.1158],[-41.7118,-21.1135],[-41.7048,-21.1107],[-41.7075,-21.1066],[-41.7107,-21.106],[-41.7167,-21.1049],[-41.7171,-21.1048],[-41.7234,-21.1036],[-41.7286,-21.1063],[-41.7357,-21.1023],[-41.7213,-21.0731],[-41.7229,-21.0679],[-41.7315,-21.0663],[-41.7286,-21.0501],[-41.7239,-21.0559],[-41.7231,-21.0557],[-41.72,-21.0547],[-41.7162,-21.0466],[-41.7214,-21.0435],[-41.7221,-21.0408],[-41.7251,-21.0299],[-41.7233,-21.0247],[-41.721,-21.024],[-41.7158,-21.0224],[-41.7151,-21.0162],[-41.7195,-21.0128],[-41.7224,-21.0106],[-41.7219,-21.0024],[-41.7157,-20.9916],[-41.7148,-20.9915],[-41.7104,-20.991],[-41.7115,-20.9806],[-41.7149,-20.9765],[-41.7157,-20.9755],[-41.7162,-20.9694],[-41.7175,-20.9544],[-41.7193,-20.9532],[-41.7334,-20.9433],[-41.736,-20.928],[-41.7227,-20.9223],[-41.7218,-20.9151],[-41.7193,-20.8967],[-41.7222,-20.8967],[-41.7249,-20.8968],[-41.7267,-20.8924],[-41.7226,-20.8835],[-41.7186,-20.875],[-41.712,-20.8711],[-41.7269,-20.8641],[-41.7288,-20.8696],[-41.7413,-20.8714],[-41.7398,-20.8656],[-41.7452,-20.8528],[-41.737,-20.8361],[-41.7407,-20.8296],[-41.7389,-20.8273],[-41.7426,-20.8252],[-41.7426,-20.8251],[-41.7426,-20.8251],[-41.7405,-20.8178],[-41.7473,-20.8145],[-41.7498,-20.8174],[-41.75,-20.8176],[-41.7503,-20.817],[-41.7553,-20.807],[-41.7619,-20.8067],[-41.7635,-20.8066],[-41.7656,-20.8036],[-41.7671,-20.8015],[-41.7754,-20.7994],[-41.7941,-20.7985],[-41.7998,-20.8041],[-41.8008,-20.8051],[-41.8021,-20.805],[-41.8134,-20.8048],[-41.8092,-20.8],[-41.8066,-20.7971],[-41.8114,-20.7988],[-41.8165,-20.8004],[-41.8281,-20.7961],[-41.8261,-20.7906],[-41.8252,-20.7881],[-41.8369,-20.7811],[-41.8477,-20.7746],[-41.8534,-20.7637],[-41.8661,-20.7653],[-41.8745,-20.7663],[-41.8786,-20.7603],[-41.8778,-20.7578],[-41.8771,-20.7557],[-41.8734,-20.7436],[-41.8631,-20.7414],[-41.8591,-20.7482],[-41.8561,-20.7472],[-41.8644,-20.7232],[-41.8649,-20.7215],[-41.8637,-20.7217],[-41.8609,-20.7221],[-41.856,-20.7142],[-41.8593,-20.7124],[-41.8619,-20.711],[-41.8606,-20.7063],[-41.8559,-20.7053],[-41.8542,-20.705],[-41.8509,-20.6948],[-41.8499,-20.692],[-41.8479,-20.6869],[-41.8476,-20.6861],[-41.8458,-20.6854],[-41.839,-20.683],[-41.8329,-20.6704],[-41.8237,-20.6625],[-41.8262,-20.658],[-41.8272,-20.6559],[-41.8256,-20.6562],[-41.8191,-20.6573],[-41.8128,-20.6528],[-41.816,-20.6466],[-41.8084,-20.6437],[-41.811,-20.6371],[-41.8143,-20.6401],[-41.8201,-20.637],[-41.8208,-20.6366],[-41.8196,-20.6328],[-41.817,-20.624],[-41.8253,-20.6242],[-41.8287,-20.6243],[-41.8464,-20.6214],[-41.8525,-20.6182],[-41.8557,-20.614],[-41.8527,-20.6071],[-41.8453,-20.6063],[-41.8411,-20.6003],[-41.8409,-20.5999],[-41.8407,-20.5959],[-41.8404,-20.586],[-41.8272,-20.5565],[-41.8157,-20.5526],[-41.8079,-20.5501],[-41.8039,-20.5436],[-41.8039,-20.5379],[-41.8111,-20.5203],[-41.8118,-20.5186],[-41.8104,-20.5149],[-41.809,-20.5112],[-41.8082,-20.5038],[-41.8073,-20.494],[-41.8057,-20.4907],[-41.8031,-20.4852],[-41.7992,-20.4771],[-41.8024,-20.4424],[-41.7978,-20.4345],[-41.8031,-20.4292],[-41.8031,-20.4289],[-41.803,-20.4219],[-41.8347,-20.4093],[-41.8483,-20.3743],[-41.8492,-20.3741],[-41.8584,-20.3725],[-41.855,-20.3638],[-41.8521,-20.3563],[-41.8522,-20.3477],[-41.844,-20.3404],[-41.8467,-20.329],[-41.8414,-20.3261],[-41.8359,-20.3296],[-41.8339,-20.3252],[-41.8253,-20.3194],[-41.8253,-20.3194],[-41.8252,-20.3194],[-41.8246,-20.3172],[-41.8227,-20.3114],[-41.8107,-20.3081],[-41.8065,-20.307],[-41.8053,-20.3043],[-41.8027,-20.2987],[-41.7932,-20.2958],[-41.7806,-20.2921],[-41.7767,-20.2847],[-41.7792,-20.2821],[-41.78,-20.2813],[-41.7793,-20.2786],[-41.7743,-20.2595],[-41.7693,-20.2546],[-41.7668,-20.2293],[-41.7667,-20.2288],[-41.7662,-20.2286],[-41.7636,-20.2273],[-41.7643,-20.2257],[-41.7654,-20.2234],[-41.7595,-20.2129],[-41.7567,-20.2134],[-41.7563,-20.2064],[-41.7543,-20.2064],[-41.6655,-20.2062],[-41.5564,-20.2061],[-41.4245,-20.2062],[-41.4113,-20.2062],[-41.4125,-20.2018],[-41.4087,-20.1972],[-41.4013,-20.1987],[-41.3817,-20.1883],[-41.3754,-20.172],[-41.3737,-20.1677],[-41.3755,-20.1615],[-41.3674,-20.1564],[-41.3615,-20.1416],[-41.3589,-20.1403],[-41.3554,-20.1386],[-41.3559,-20.1345],[-41.3561,-20.133],[-41.354,-20.1308],[-41.3471,-20.1234],[-41.3504,-20.1187],[-41.3505,-20.1187],[-41.3459,-20.103],[-41.3448,-20.0885],[-41.3406,-20.0874],[-41.3371,-20.0865],[-41.3362,-20.076],[-41.3352,-20.065],[-41.3315,-20.0627],[-41.3332,-20.0583],[-41.328,-20.0548],[-41.3238,-20.0519],[-41.3196,-20.0438],[-41.3169,-20.0267],[-41.3169,-20.0265],[-41.3167,-20.0262],[-41.3077,-20.0125],[-41.3084,-19.9966],[-41.3145,-19.9863],[-41.3195,-19.9781],[-41.3154,-19.9747],[-41.3113,-19.9713],[-41.3097,-19.9614],[-41.3075,-19.9478],[-41.3,-19.9379],[-41.2997,-19.9379],[-41.2882,-19.9394],[-41.2717,-19.9416],[-41.2542,-19.9317],[-41.2501,-19.9358],[-41.2485,-19.9375],[-41.2438,-19.9364],[-41.2331,-19.9199],[-41.2322,-19.9185],[-41.228,-19.9051],[-41.2109,-19.9005],[-41.2052,-19.9024],[-41.2046,-19.9026],[-41.2038,-19.902],[-41.1876,-19.8907],[-41.1845,-19.8885],[-41.1836,-19.8483],[-41.1801,-19.847],[-41.1787,-19.8465],[-41.1753,-19.8389],[-41.1787,-19.8351],[-41.1859,-19.8272],[-41.175,-19.8252],[-41.1658,-19.8094],[-41.1655,-19.792],[-41.1729,-19.7834],[-41.1713,-19.7778],[-41.1745,-19.7666],[-41.1874,-19.7575],[-41.1904,-19.7464],[-41.1844,-19.7428],[-41.1791,-19.7396],[-41.1816,-19.7317],[-41.1816,-19.7317],[-41.1786,-19.7195],[-41.1786,-19.7195],[-41.1739,-19.7151],[-41.1758,-19.7084],[-41.1773,-19.7028],[-41.1713,-19.6924],[-41.1734,-19.6873],[-41.1681,-19.6717],[-41.1595,-19.6619],[-41.1528,-19.6628],[-41.1486,-19.6634],[-41.1382,-19.6582],[-41.1337,-19.6504],[-41.1291,-19.6422],[-41.1236,-19.6405],[-41.1192,-19.6409],[-41.1141,-19.6414],[-41.108,-19.6382],[-41.1016,-19.613],[-41.0994,-19.6043],[-41.0951,-19.6025],[-41.0922,-19.6013],[-41.0914,-19.5993],[-41.0899,-19.5959],[-41.0855,-19.5964],[-41.0736,-19.5975],[-41.0724,-19.5898],[-41.0715,-19.5839],[-41.0629,-19.5841],[-41.0558,-19.5843],[-41.0566,-19.5775],[-41.0364,-19.5683],[-41.0384,-19.5516],[-41.0394,-19.5494],[-41.0446,-19.5381],[-41.0413,-19.5176],[-41.0408,-19.5149],[-41.0415,-19.514],[-41.0475,-19.5051],[-41.0493,-19.5025],[-41.0454,-19.4875],[-41.0282,-19.4984],[-41.0089,-19.5067],[-40.9778,-19.5051],[-40.9718,-19.5048],[-40.9713,-19.4996],[-40.971,-19.4964],[-40.9708,-19.4941],[-40.9692,-19.4922],[-40.9532,-19.473],[-40.9489,-19.4727],[-40.951,-19.4652],[-40.9445,-19.4596],[-40.9551,-19.4513],[-40.9574,-19.4494],[-40.9582,-19.441],[-40.9583,-19.4394],[-40.9589,-19.4385],[-40.9672,-19.4272],[-40.9636,-19.423],[-40.9601,-19.4188],[-40.9618,-19.4079],[-40.9568,-19.3984],[-40.9567,-19.3983],[-40.9567,-19.3983],[-40.9283,-19.3807],[-40.9312,-19.3734],[-40.9278,-19.3674],[-40.9323,-19.3637],[-40.9392,-19.3581],[-40.9382,-19.3473],[-40.9281,-19.3293],[-40.9216,-19.3284],[-40.9197,-19.3191],[-40.9148,-19.3178],[-40.9143,-19.3177],[-40.9073,-19.3083],[-40.9156,-19.3005],[-40.9232,-19.3018],[-40.9241,-19.302],[-40.9309,-19.2994],[-40.9324,-19.2956],[-40.9302,-19.291],[-40.9277,-19.2856],[-40.9306,-19.2857],[-40.938,-19.2859],[-40.9441,-19.2791],[-40.9345,-19.2713],[-40.9293,-19.2712],[-40.9195,-19.2709],[-40.9181,-19.2616],[-40.9171,-19.2558],[-40.9198,-19.2513],[-40.9276,-19.2503],[-40.9285,-19.2502],[-40.9382,-19.2489],[-40.9326,-19.2421],[-40.9328,-19.242],[-40.9401,-19.2349],[-40.9408,-19.2317],[-40.9345,-19.2225],[-40.9306,-19.2219],[-40.9288,-19.2147],[-40.9279,-19.2113],[-40.9223,-19.2036],[-40.9291,-19.1974],[-40.9263,-19.1888],[-40.9322,-19.1858],[-40.9338,-19.1803],[-40.9353,-19.1812],[-40.938,-19.1829],[-40.9407,-19.1801],[-40.9416,-19.1654],[-40.9419,-19.1607],[-40.945,-19.157],[-40.9485,-19.1528],[-40.9474,-19.1509],[-40.9438,-19.1439],[-40.9477,-19.1411],[-40.952,-19.1421],[-40.9605,-19.1441],[-40.9573,-19.1346],[-40.9555,-19.1295],[-40.9625,-19.1211],[-40.9663,-19.1218],[-40.9692,-19.1224],[-40.9731,-19.115],[-40.9818,-19.1091],[-40.9826,-19.106],[-40.9844,-19.1002],[-40.9923,-19.0994],[-41.008,-19.0978],[-41.0059,-19.09],[-41.0041,-19.0832],[-41.0102,-19.0871],[-41.0144,-19.0898],[-41.0136,-19.0847],[-41.0122,-19.0753],[-41.0189,-19.0749],[-41.0232,-19.0781],[-41.025,-19.0795],[-41.0351,-19.0711],[-41.0534,-19.0684],[-41.0528,-19.0587],[-41.0603,-19.0557],[-41.0645,-19.0515],[-41.0652,-19.0508],[-41.0627,-19.0388],[-41.0714,-19.0234],[-41.0655,-19.0159],[-41.0659,-19.0062],[-41.0565,-19.0026],[-41.0514,-19.0006],[-41.0172,-18.976],[-41.018,-18.9731],[-41.0287,-18.9739],[-41.0355,-18.9795],[-41.0384,-18.9799],[-41.042,-18.9773],[-41.0456,-18.9747],[-41.0503,-18.9738],[-41.051,-18.9657],[-41.0613,-18.9661],[-41.0644,-18.951],[-41.0657,-18.9445],[-41.0671,-18.9432],[-41.0678,-18.9424],[-41.0694,-18.9431],[-41.0715,-18.9441],[-41.0782,-18.9472],[-41.0787,-18.9396],[-41.0788,-18.9381],[-41.0826,-18.9374],[-41.0961,-18.9349],[-41.1033,-18.9336],[-41.1032,-18.9299],[-41.1095,-18.9277],[-41.1124,-18.9221],[-41.1178,-18.9213],[-41.1159,-18.9161],[-41.1143,-18.9119],[-41.1201,-18.9075],[-41.1192,-18.903],[-41.1264,-18.894],[-41.1308,-18.8937],[-41.1439,-18.8845],[-41.1453,-18.8848],[-41.1486,-18.8854],[-41.1526,-18.8861],[-41.1579,-18.8671],[-41.1588,-18.8639],[-41.1624,-18.8608],[-41.166,-18.8577],[-41.188,-18.8635],[-41.1932,-18.8632],[-41.1991,-18.8624],[-41.208,-18.8546],[-41.2104,-18.8631],[-41.2119,-18.8684],[-41.2094,-18.8739],[-41.2144,-18.8772],[-41.2297,-18.8579],[-41.236,-18.856],[-41.239,-18.8582],[-41.242,-18.8539],[-41.241,-18.8511],[-41.2401,-18.8487],[-41.2393,-18.8464],[-41.2408,-18.8452],[-41.2435,-18.8431],[-41.2416,-18.8404],[-41.2374,-18.8343],[-41.2451,-18.8215],[-41.2321,-18.7968],[-41.1514,-18.7963],[-41.1477,-18.7963],[-41.1337,-18.7956],[-41.1326,-18.7988],[-41.1296,-18.807],[-41.1208,-18.8091],[-41.1188,-18.8096],[-41.119,-18.8114],[-41.1196,-18.8172],[-41.1101,-18.8385],[-41.0971,-18.8418],[-41.0892,-18.8386],[-41.0833,-18.8361],[-41.025,-18.8367],[-40.9875,-18.8387],[-40.9712,-18.8401],[-40.9635,-18.8407],[-40.9629,-18.8371],[-40.9627,-18.8357],[-40.9569,-18.835],[-40.9507,-18.8342],[-40.9477,-18.8291],[-40.9453,-18.825],[-40.9442,-18.8256],[-40.9368,-18.8302],[-40.9275,-18.8192],[-40.9165,-18.815],[-40.9207,-18.7988],[-40.9282,-18.7925],[-40.9262,-18.7877],[-40.9375,-18.772],[-40.94,-18.7354],[-40.9423,-18.7006],[-40.9432,-18.6871],[-40.9474,-18.6837],[-40.9516,-18.6804],[-40.967,-18.6788],[-40.9876,-18.6767],[-40.9883,-18.6734],[-40.9885,-18.6727],[-40.998,-18.6693],[-41.0048,-18.6668],[-41.015,-18.6584],[-41.0198,-18.6545],[-41.0218,-18.6541],[-41.0318,-18.6522],[-41.0301,-18.6457],[-41.03,-18.6453],[-41.0302,-18.6453],[-41.044,-18.6478],[-41.0412,-18.6393],[-41.0505,-18.6337],[-41.0527,-18.6282],[-41.0437,-18.6258],[-41.042,-18.6235],[-41.039,-18.6194],[-41.0326,-18.6177],[-41.0333,-18.6069],[-41.0416,-18.6049],[-41.0263,-18.5276],[-41.0154,-18.4769],[-41.0145,-18.4728],[-41.0195,-18.4639],[-41.0235,-18.4567],[-41.1739,-18.4434],[-41.1752,-18.4433],[-41.1753,-18.4432],[-41.179,-18.4405],[-41.1816,-18.4386],[-41.1663,-18.4147],[-41.1558,-18.4135],[-41.1534,-18.4132],[-41.1451,-18.4064],[-41.1443,-18.4058],[-41.1501,-18.4045],[-41.16,-18.4023],[-41.1621,-18.3903],[-41.1592,-18.381],[-41.1524,-18.3796],[-41.1477,-18.3787],[-41.1455,-18.3734],[-41.1486,-18.3603],[-41.1498,-18.3359],[-41.152,-18.335],[-41.1543,-18.3342],[-41.1584,-18.3083],[-41.1505,-18.3023],[-41.146,-18.299],[-41.1397,-18.2897],[-41.1389,-18.2885],[-41.1271,-18.2764],[-41.0961,-18.2551],[-41.099,-18.2471],[-41.1004,-18.2433],[-41.0987,-18.2386],[-41.1023,-18.2365],[-41.0988,-18.2319],[-41.0963,-18.2315],[-41.0916,-18.2308],[-41.0913,-18.2276],[-41.0962,-18.2234],[-41.1018,-18.2187],[-41.104,-18.2128],[-41.0961,-18.2093],[-41.0937,-18.2082],[-41.0931,-18.2018],[-41.0923,-18.1951],[-41.0665,-18.1806],[-41.0649,-18.1804],[-41.0606,-18.1797],[-41.0561,-18.1784],[-41.0539,-18.1739],[-41.053,-18.1722],[-41.0556,-18.1661],[-41.0349,-18.1623],[-41.037,-18.1684],[-41.0377,-18.1706],[-41.0334,-18.1716],[-41.0314,-18.1665],[-41.0277,-18.1572],[-41.0142,-18.1571],[-41.0124,-18.1615],[-41.0102,-18.1669],[-40.9928,-18.1658],[-40.9891,-18.1702],[-40.9876,-18.1562],[-40.9866,-18.1463],[-40.9777,-18.1415],[-40.9671,-18.1447],[-40.9655,-18.1474],[-40.9618,-18.1537],[-40.9541,-18.154],[-40.9485,-18.1452],[-40.9512,-18.142],[-40.9511,-18.1416],[-40.9496,-18.1288],[-40.9445,-18.1292],[-40.9401,-18.136],[-40.9396,-18.136],[-40.9318,-18.136],[-40.9247,-18.1285],[-40.9169,-18.1203],[-40.9089,-18.1144],[-40.9041,-18.1154],[-40.903,-18.1104],[-40.8988,-18.1123],[-40.8927,-18.1074],[-40.8935,-18.1182],[-40.8913,-18.1205],[-40.8886,-18.1235],[-40.8853,-18.1236],[-40.8803,-18.1237],[-40.8772,-18.1189],[-40.866,-18.1294],[-40.8638,-18.1359],[-40.8629,-18.1386],[-40.8556,-18.1393],[-40.8556,-18.1393],[-40.8556,-18.1393],[-40.8495,-18.147],[-40.8403,-18.1474],[-40.8321,-18.1507],[-40.8246,-18.149],[-40.8238,-18.1488],[-40.8048,-18.1525],[-40.7996,-18.156],[-40.7943,-18.1596],[-40.7711,-18.1554],[-40.7729,-18.1071],[-40.9022,-17.987],[-40.9007,-17.9855],[-40.8996,-17.9843],[-40.8967,-17.9812],[-40.8908,-17.9826],[-40.8823,-17.9701],[-40.8777,-17.9807],[-40.8775,-17.9812],[-40.8725,-17.9803],[-40.8699,-17.9856],[-40.8627,-17.9878],[-40.8591,-17.9813],[-40.8444,-17.9651],[-40.8366,-17.9567],[-40.8302,-17.9537],[-40.8282,-17.957],[-40.8246,-17.9632],[-40.8138,-17.9584],[-40.8084,-17.9523],[-40.8022,-17.958],[-40.7981,-17.9565],[-40.7915,-17.971],[-40.7946,-17.9813],[-40.7831,-17.9755],[-40.7817,-17.9748],[-40.7773,-17.9762],[-40.7773,-17.9818],[-40.7708,-17.9806],[-40.7712,-17.9879],[-40.7719,-18.0018],[-40.7599,-18.0035],[-40.7504,-18.0094],[-40.7453,-18.0059],[-40.7437,-18.0048],[-40.7399,-18.004],[-40.7254,-18.0007],[-40.7158,-18.0041],[-40.7129,-18.0109],[-40.711,-18.0155],[-40.7041,-18.0229],[-40.6873,-18.012],[-40.6838,-18.0097],[-40.6783,-18.0123],[-40.6774,-18.0128],[-40.6767,-18.0124],[-40.6728,-18.0106],[-40.6661,-18.0118],[-40.6614,-18.0126],[-40.6511,-18.0064],[-40.6483,-17.9997],[-40.6456,-17.9931],[-40.6356,-17.991],[-40.6255,-17.9888],[-40.6239,-17.9754],[-40.6139,-17.967],[-40.6198,-17.9616],[-40.6215,-17.9601],[-40.6122,-17.949],[-40.6149,-17.9432],[-40.613,-17.9392],[-40.5968,-17.9356],[-40.594,-17.9364],[-40.5868,-17.9385],[-40.584,-17.9353],[-40.5841,-17.9279],[-40.5843,-17.9177],[-40.5675,-17.9155],[-40.547,-17.9068],[-40.5266,-17.8915],[-40.5224,-17.8925],[-40.5182,-17.8935],[-40.5155,-17.8965],[-40.5029,-17.9102],[-40.4933,-17.9092],[-40.4837,-17.9082],[-40.4762,-17.9155],[-40.4638,-17.9277],[-40.4599,-17.9216],[-40.4589,-17.92],[-40.4535,-17.9183],[-40.4322,-17.9209],[-40.4246,-17.9237],[-40.417,-17.9265],[-40.404,-17.9251],[-40.3915,-17.9236],[-40.3884,-17.9261],[-40.386,-17.928],[-40.3789,-17.9275],[-40.3727,-17.9272],[-40.372,-17.9267],[-40.3649,-17.9225],[-40.3593,-17.9268],[-40.3552,-17.93],[-40.3504,-17.9268],[-40.3456,-17.9236],[-40.3336,-17.9269],[-40.3245,-17.9356],[-40.3214,-17.9386],[-40.3171,-17.9388],[-40.3119,-17.9392],[-40.3096,-17.9421],[-40.3058,-17.9469],[-40.2999,-17.9467],[-40.2907,-17.9464],[-40.2906,-17.9514],[-40.2891,-17.9524],[-40.2753,-17.9621],[-40.2713,-17.9618],[-40.2659,-17.9615],[-40.2589,-17.9678],[-40.255,-17.9713],[-40.2444,-17.9741],[-40.2287,-17.9782],[-40.2226,-17.9798],[-40.222,-17.9799],[-39.9199,-18.1726],[-39.9118,-18.1784],[-39.8276,-18.2319],[-39.6885,-18.3203],[-39.6767,-18.3235],[-39.676,-18.3237],[-39.6738,-18.3243],[-39.6665,-18.3319],[-39.6702,-18.3487],[-39.6704,-18.3524],[-39.6759,-18.3642],[-39.6811,-18.3755],[-39.6888,-18.3919],[-39.6924,-18.3996],[-39.6938,-18.4024],[-39.6997,-18.4153],[-39.7098,-18.4488],[-39.7133,-18.4602],[-39.7146,-18.4644],[-39.7157,-18.468],[-39.7243,-18.4901],[-39.7258,-18.4938],[-39.7261,-18.4946],[-39.7282,-18.4999],[-39.7281,-18.5315],[-39.728,-18.5515],[-39.7292,-18.5527],[-39.7317,-18.5552],[-39.7291,-18.5579],[-39.7283,-18.5587],[-39.7283,-18.5677],[-39.7283,-18.5856],[-39.7262,-18.5925],[-39.7242,-18.5993],[-39.7299,-18.621],[-39.7331,-18.6324],[-39.7363,-18.6438],[-39.7455,-18.6991],[-39.746,-18.7024],[-39.7466,-18.7057],[-39.7474,-18.7381],[-39.7475,-18.7422],[-39.7476,-18.7463],[-39.7485,-18.7828],[-39.7485,-18.7848],[-39.7486,-18.7868],[-39.7499,-18.8412],[-39.7495,-18.8449],[-39.7495,-18.8451],[-39.7492,-18.8485],[-39.7466,-18.8736],[-39.7453,-18.8859],[-39.7441,-18.8982],[-39.739,-18.948],[-39.7386,-18.9516],[-39.737,-18.9631],[-39.7361,-18.97],[-39.7329,-18.9926],[-39.7321,-18.9987],[-39.7317,-19.0012],[-39.7314,-19.004],[-39.7306,-19.0097],[-39.7214,-19.0761],[-39.7186,-19.0964],[-39.7164,-19.1141],[-39.7149,-19.1263],[-39.7126,-19.1445],[-39.7112,-19.1559],[-39.7098,-19.1673],[-39.7032,-19.2103],[-39.7012,-19.2236],[-39.7012,-19.2237],[-39.7005,-19.2283],[-39.6998,-19.2324],[-39.6895,-19.3],[-39.6886,-19.3058],[-39.6894,-19.3127],[-39.6933,-19.3446],[-39.6949,-19.3571],[-39.6962,-19.3672],[-39.6976,-19.3716],[-39.7133,-19.4184],[-39.7147,-19.4225],[-39.7153,-19.4243],[-39.7157,-19.4257],[-39.7174,-19.4305],[-39.7235,-19.4488],[-39.7268,-19.4587],[-39.7279,-19.462],[-39.729,-19.4654],[-39.7443,-19.4997],[-39.7475,-19.507],[-39.7508,-19.5143],[-39.7644,-19.5449],[-39.7677,-19.5523],[-39.7677,-19.5523],[-39.771,-19.5597],[-39.7958,-19.6084],[-39.804,-19.6263],[-39.8063,-19.631],[-39.8065,-19.6365],[-39.807,-19.6477],[-39.8164,-19.6544],[-39.82,-19.6537],[-39.8253,-19.6531],[-39.8479,-19.6602],[-39.8734,-19.6681],[-39.8762,-19.6695],[-39.8873,-19.6749],[-39.8874,-19.6749],[-39.8888,-19.6756],[-39.8997,-19.6809],[-39.9112,-19.6865],[-39.9301,-19.6987],[-39.9411,-19.707],[-39.9442,-19.7093],[-39.9528,-19.7159],[-39.9745,-19.7324],[-39.9831,-19.7389],[-39.9896,-19.745],[-40.0009,-19.7556],[-40.0194,-19.773],[-40.0243,-19.7776],[-40.0264,-19.78],[-40.0329,-19.7877],[-40.0453,-19.8022],[-40.0519,-19.8099],[-40.0562,-19.8192],[-40.0566,-19.8223],[-40.0571,-19.8282],[-40.0574,-19.8317],[-40.0575,-19.833],[-40.0597,-19.8408],[-40.062,-19.8487],[-40.063,-19.8525],[-40.0655,-19.8557],[-40.0706,-19.8623],[-40.0754,-19.8684],[-40.0792,-19.8734],[-40.0835,-19.879],[-40.0858,-19.8831],[-40.0862,-19.8873],[-40.0869,-19.8928],[-40.0891,-19.8932],[-40.0907,-19.8935],[-40.0906,-19.8964],[-40.0905,-19.8984],[-40.0929,-19.9014],[-40.0929,-19.9015],[-40.0972,-19.9044],[-40.0981,-19.9129],[-40.0987,-19.9184],[-40.1015,-19.9204],[-40.1043,-19.9223],[-40.116,-19.9304],[-40.1199,-19.9317],[-40.1256,-19.9343],[-40.131,-19.9364],[-40.1348,-19.9418],[-40.1393,-19.9487],[-40.1393,-19.9555],[-40.1352,-19.9606],[-40.1323,-19.9641],[-40.1297,-19.9675],[-40.1358,-19.9701],[-40.1371,-19.9726],[-40.1378,-19.9738],[-40.1391,-19.9775],[-40.1418,-19.9849],[-40.1464,-19.9895],[-40.147,-19.9983],[-40.1472,-20.0022],[-40.1474,-20.0063],[-40.1514,-20.0107],[-40.1526,-20.012],[-40.1536,-20.0131],[-40.1542,-20.0159],[-40.156,-20.025],[-40.1571,-20.0305],[-40.1585,-20.0378],[-40.1633,-20.0388],[-40.1816,-20.0413],[-40.1885,-20.053],[-40.1903,-20.056],[-40.1841,-20.0623],[-40.1725,-20.0741],[-40.1719,-20.0881],[-40.1717,-20.0928],[-40.1715,-20.097],[-40.1713,-20.1013],[-40.1711,-20.1092],[-40.1738,-20.1197],[-40.18,-20.1409],[-40.182,-20.1477],[-40.184,-20.1545],[-40.1841,-20.1606],[-40.1842,-20.1675],[-40.1843,-20.1744],[-40.1874,-20.1793],[-40.188,-20.1802],[-40.1901,-20.1836],[-40.1921,-20.1974],[-40.1926,-20.2009],[-40.195,-20.2086],[-40.1974,-20.2163],[-40.2132,-20.2397],[-40.218,-20.2452],[-40.2231,-20.251],[-40.2251,-20.2533],[-40.2294,-20.2582],[-40.2331,-20.2673],[-40.2385,-20.2802],[-40.2372,-20.2891],[-40.2405,-20.2905],[-40.2501,-20.2946],[-40.2535,-20.289],[-40.2513,-20.2823],[-40.2504,-20.2795],[-40.2583,-20.2666],[-40.2626,-20.2673],[-40.2705,-20.2686],[-40.2762,-20.2717],[-40.2821,-20.275],[-40.2855,-20.2768],[-40.2871,-20.2796],[-40.2897,-20.2838],[-40.292,-20.2876],[-40.2888,-20.2934],[-40.2842,-20.2941],[-40.2911,-20.3012],[-40.2841,-20.2995],[-40.2836,-20.2993],[-40.2793,-20.2982],[-40.2773,-20.3006],[-40.28,-20.3025],[-40.2829,-20.3046],[-40.2916,-20.3053],[-40.2896,-20.3086],[-40.2834,-20.3075],[-40.2798,-20.3069],[-40.2774,-20.3107],[-40.2837,-20.3125],[-40.2883,-20.316],[-40.2892,-20.323],[-40.2833,-20.3244],[-40.2759,-20.3198],[-40.2737,-20.3249],[-40.2687,-20.3245],[-40.2693,-20.3262],[-40.2705,-20.3297],[-40.2729,-20.3299],[-40.2748,-20.33],[-40.2747,-20.3316],[-40.2745,-20.3338],[-40.2759,-20.3329],[-40.277,-20.3322],[-40.2817,-20.3357],[-40.2824,-20.3393],[-40.2834,-20.3444],[-40.2848,-20.3523],[-40.2958,-20.3604],[-40.2963,-20.3607],[-40.3153,-20.3917],[-40.3238,-20.4205],[-40.3221,-20.4231],[-40.3221,-20.4232],[-40.3202,-20.426],[-40.322,-20.4294],[-40.3271,-20.4384],[-40.3366,-20.4553],[-40.3426,-20.466],[-40.3486,-20.4767],[-40.3509,-20.4837],[-40.3595,-20.5099],[-40.359,-20.5132],[-40.3583,-20.5182],[-40.3615,-20.5192],[-40.3658,-20.5204],[-40.3762,-20.5362],[-40.3766,-20.5369],[-40.3937,-20.5653],[-40.4001,-20.5761],[-40.4015,-20.5847],[-40.4017,-20.5862],[-40.4024,-20.5907],[-40.4039,-20.5998],[-40.4097,-20.6078],[-40.4172,-20.6182],[-40.4219,-20.6248],[-40.4231,-20.6275],[-40.4256,-20.6328],[-40.4237,-20.6352],[-40.4276,-20.6352],[-40.4297,-20.6379],[-40.4327,-20.642],[-40.4396,-20.6347],[-40.4455,-20.6363],[-40.4498,-20.6375],[-40.4496,-20.6373],[-40.4451,-20.6313],[-40.4479,-20.6268],[-40.4607,-20.6231],[-40.4649,-20.6278],[-40.4695,-20.6335],[-40.4665,-20.6369],[-40.4698,-20.6385],[-40.4669,-20.6424],[-40.4642,-20.6458],[-40.4679,-20.6458],[-40.472,-20.6503],[-40.4724,-20.6542],[-40.4768,-20.6538],[-40.4772,-20.6538],[-40.4805,-20.6529],[-40.4902,-20.6569],[-40.4943,-20.6616],[-40.4967,-20.6653],[-40.4937,-20.666],[-40.4908,-20.6673],[-40.496,-20.6717],[-40.4957,-20.6766],[-40.5013,-20.6763],[-40.5077,-20.6842],[-40.5093,-20.6892],[-40.5112,-20.6926],[-40.5129,-20.6967],[-40.52,-20.7134],[-40.5222,-20.7195],[-40.5229,-20.7213],[-40.5236,-20.7231],[-40.5222,-20.7263],[-40.5206,-20.7301],[-40.5264,-20.7287],[-40.5259,-20.7343],[-40.5333,-20.7355],[-40.5326,-20.7398],[-40.5372,-20.7449],[-40.5371,-20.739],[-40.5371,-20.7389],[-40.5494,-20.7406],[-40.5623,-20.7559],[-40.5678,-20.7624],[-40.5707,-20.7658],[-40.5729,-20.7703],[-40.5736,-20.7717],[-40.5769,-20.7782],[-40.5769,-20.7802],[-40.5769,-20.7856],[-40.5769,-20.7905],[-40.5794,-20.7941],[-40.5827,-20.7988],[-40.5811,-20.8023],[-40.5874,-20.8064],[-40.5895,-20.8022],[-40.5921,-20.8026],[-40.5938,-20.8028],[-40.5968,-20.8033],[-40.6014,-20.8042],[-40.6073,-20.8053],[-40.6146,-20.8211],[-40.6148,-20.8215],[-40.6192,-20.8312],[-40.6235,-20.8342],[-40.6273,-20.8408],[-40.6309,-20.8412],[-40.6318,-20.8364],[-40.6333,-20.8291],[-40.6306,-20.8232],[-40.6288,-20.8196],[-40.6285,-20.819],[-40.6355,-20.8123],[-40.6375,-20.8113],[-40.6386,-20.8108],[-40.646,-20.8072],[-40.6499,-20.8053],[-40.6538,-20.8034],[-40.653,-20.7995],[-40.6508,-20.7963],[-40.6487,-20.7927],[-40.6465,-20.7893],[-40.6453,-20.786],[-40.6505,-20.7886],[-40.6538,-20.7958],[-40.6566,-20.798],[-40.6588,-20.801],[-40.6564,-20.8053],[-40.6557,-20.8088],[-40.6555,-20.8102],[-40.6591,-20.8108],[-40.66,-20.8109],[-40.6656,-20.8119],[-40.6658,-20.8148],[-40.6659,-20.8161],[-40.6696,-20.817],[-40.6712,-20.8175],[-40.6714,-20.818],[-40.6724,-20.821],[-40.6766,-20.8217],[-40.6819,-20.8232],[-40.6847,-20.8255],[-40.6906,-20.8278],[-40.6942,-20.8341],[-40.7015,-20.8344],[-40.7121,-20.8414],[-40.7151,-20.8432],[-40.7199,-20.8413],[-40.7196,-20.839],[-40.7238,-20.8418]],[[-40.5266,-20.6552],[-40.5281,-20.6686],[-40.5233,-20.6661],[-40.5173,-20.665],[-40.512,-20.6674],[-40.5079,-20.6693],[-40.5047,-20.6705],[-40.5029,-20.6662],[-40.5145,-20.6634],[-40.52,-20.662],[-40.5244,-20.6635],[-40.5266,-20.6552]],[[-40.5361,-20.6853],[-40.5253,-20.6892],[-40.5198,-20.6905],[-40.5166,-20.6853],[-40.5209,-20.6847],[-40.5304,-20.6845],[-40.5297,-20.677],[-40.5354,-20.6752],[-40.5405,-20.6744],[-40.5391,-20.6778],[-40.532,-20.6792],[-40.5345,-20.6824],[-40.5361,-20.6853]]],[[[-40.475,-20.6608],[-40.4724,-20.6542],[-40.4647,-20.6521],[-40.4659,-20.6554],[-40.4675,-20.6598],[-40.4711,-20.6605],[-40.475,-20.6608]]],[[[-40.7244,-20.8466],[-40.7238,-20.8418],[-40.7186,-20.8455],[-40.7244,-20.8466]]]]},"properties":{"uf":"ES"}},{"type":"Feature","geometry":{"type":"MultiPolygon","coordinates":[[[[-44.5127,-23.2929],[-44.5164,-23.2917],[-44.5209,-23.2904],[-44.5239,-23.2895],[-44.5288,-23.2881],[-44.5352,-23.2928],[-44.5379,-23.2992],[-44.5396,-23.3033],[-44.5405,-23.3054],[-44.5412,-23.3044],[-44.5424,-23.3028],[-44.5469,-23.3055],[-44.5508,-23.3078],[-44.5561,-23.3054],[-44.5591,-23.3111],[-44.5607,-23.3143],[-44.5628,-23.3184],[-44.5655,-23.3237],[-44.5641,-23.326],[-44.5615,-23.3305],[-44.5678,-23.3386],[-44.5775,-23.351],[-44.5823,-23.3573],[-44.5911,-23.3622],[-44.5991,-23.3594],[-44.6021,-23.3636],[-44.606,-23.3667],[-44.6065,-23.3524],[-44.6066,-23.3492],[-44.612,-23.3484],[-44.6142,-23.3496],[-44.6177,-23.3515],[-44.6182,-23.3481],[-44.6189,-23.3424],[-44.6237,-23.3408],[-44.6267,-23.3466],[-44.6284,-23.35],[-44.6335,-23.3521],[-44.6319,-23.3468],[-44.6316,-23.346],[-44.6293,-23.3386],[-44.6404,-23.3327],[-44.6476,-23.335],[-44.652,-23.3422],[-44.6618,-23.3395],[-44.6604,-23.3448],[-44.6597,-23.3474],[-44.6596,-23.3478],[-44.6615,-23.3474],[-44.6721,-23.3452],[-44.6739,-23.3405],[-44.6757,-23.3356],[-44.6813,-23.34],[-44.6813,-23.3474],[-44.6817,-23.3477],[-44.6827,-23.3487],[-44.6865,-23.3522],[-44.6866,-23.3497],[-44.6867,-23.348],[-44.6877,-23.3475],[-44.6904,-23.3462],[-44.6953,-23.3439],[-44.7015,-23.3413],[-44.7075,-23.3431],[-44.7127,-23.3451],[-44.7164,-23.3466],[-44.718,-23.3472],[-44.7208,-23.3534],[-44.7193,-23.3578],[-44.7193,-23.3581],[-44.7197,-23.3579],[-44.727,-23.3546],[-44.7311,-23.3592],[-44.73,-23.3605],[-44.724,-23.3676],[-44.728,-23.3662],[-44.7335,-23.3641],[-44.7365,-23.3621],[-44.7424,-23.358],[-44.7497,-23.358],[-44.7564,-23.3485],[-44.7581,-23.3452],[-44.7597,-23.342],[-44.761,-23.3417],[-44.7779,-23.3385],[-44.7763,-23.3333],[-44.7816,-23.3259],[-44.7805,-23.3184],[-44.7801,-23.3153],[-44.7873,-23.3056],[-44.787,-23.2996],[-44.8049,-23.2895],[-44.807,-23.2829],[-44.814,-23.2858],[-44.8262,-23.2907],[-44.8236,-23.2804],[-44.8268,-23.2793],[-44.8292,-23.272],[-44.8301,-23.2694],[-44.8397,-23.2633],[-44.8365,-23.2563],[-44.854,-23.2485],[-44.8643,-23.2486],[-44.8746,-23.2487],[-44.8778,-23.2323],[-44.8851,-23.2319],[-44.8885,-23.224],[-44.8834,-23.2182],[-44.881,-23.2155],[-44.8815,-23.2119],[-44.8826,-23.2037],[-44.8773,-23.1987],[-44.8759,-23.1974],[-44.8726,-23.1838],[-44.8603,-23.181],[-44.8529,-23.1762],[-44.8533,-23.1746],[-44.8538,-23.1723],[-44.8487,-23.1725],[-44.8458,-23.1725],[-44.845,-23.1707],[-44.8439,-23.1681],[-44.8401,-23.1665],[-44.836,-23.1651],[-44.8244,-23.161],[-44.825,-23.144],[-44.825,-23.1432],[-44.8244,-23.143],[-44.8164,-23.1403],[-44.8192,-23.1331],[-44.8194,-23.1327],[-44.8188,-23.1322],[-44.8107,-23.1252],[-44.8132,-23.1211],[-44.8108,-23.1146],[-44.8144,-23.1111],[-44.8158,-23.1097],[-44.814,-23.1071],[-44.8086,-23.0992],[-44.8124,-23.098],[-44.8119,-23.0916],[-44.8124,-23.0914],[-44.818,-23.0897],[-44.8127,-23.0745],[-44.8136,-23.0671],[-44.8097,-23.0639],[-44.8069,-23.0616],[-44.8086,-23.0585],[-44.8111,-23.054],[-44.8065,-23.0513],[-44.8027,-23.049],[-44.8015,-23.0338],[-44.8012,-23.0309],[-44.8,-23.0289],[-44.7972,-23.0241],[-44.798,-23.0208],[-44.7982,-23.0197],[-44.7974,-23.0182],[-44.7927,-23.0097],[-44.795,-23.0071],[-44.8022,-22.9986],[-44.7929,-22.9932],[-44.792,-22.9817],[-44.7867,-22.9823],[-44.7819,-22.9787],[-44.7709,-22.9814],[-44.7649,-22.9829],[-44.759,-22.9784],[-44.7548,-22.9798],[-44.7561,-22.9754],[-44.7489,-22.9695],[-44.7511,-22.9639],[-44.7518,-22.962],[-44.7434,-22.9471],[-44.7115,-22.9295],[-44.7043,-22.9344],[-44.7043,-22.9344],[-44.6957,-22.9318],[-44.6879,-22.9359],[-44.6776,-22.9229],[-44.6735,-22.9178],[-44.6705,-22.9198],[-44.659,-22.9274],[-44.646,-22.9187],[-44.6386,-22.9137],[-44.6346,-22.9066],[-44.6287,-22.9041],[-44.6096,-22.8878],[-44.6066,-22.8852],[-44.6044,-22.8863],[-44.6002,-22.8883],[-44.5755,-22.8781],[-44.5548,-22.8886],[-44.5438,-22.8844],[-44.5447,-22.882],[-44.5452,-22.8808],[-44.5326,-22.8687],[-44.5258,-22.8668],[-44.5191,-22.8648],[-44.5155,-22.8613],[-44.5054,-22.8514],[-44.4943,-22.846],[-44.4903,-22.846],[-44.4839,-22.846],[-44.4793,-22.8509],[-44.476,-22.8558],[-44.4798,-22.8642],[-44.4805,-22.8658],[-44.4784,-22.8666],[-44.4757,-22.8675],[-44.476,-22.8703],[-44.4765,-22.8738],[-44.4713,-22.8756],[-44.4666,-22.8846],[-44.4367,-22.8707],[-44.4263,-22.8552],[-44.4216,-22.851],[-44.413,-22.8477],[-44.4024,-22.8467],[-44.4014,-22.8528],[-44.4012,-22.8541],[-44.3979,-22.8534],[-44.3917,-22.8521],[-44.3892,-22.8548],[-44.3869,-22.8572],[-44.3738,-22.8576],[-44.3503,-22.8481],[-44.3254,-22.838],[-44.32,-22.84],[-44.3205,-22.8414],[-44.3215,-22.8448],[-44.3183,-22.8411],[-44.317,-22.8394],[-44.2962,-22.8273],[-44.2863,-22.828],[-44.2829,-22.8354],[-44.2729,-22.8312],[-44.2695,-22.8298],[-44.2632,-22.8113],[-44.261,-22.8047],[-44.2599,-22.8045],[-44.2451,-22.8021],[-44.2413,-22.7927],[-44.2418,-22.7877],[-44.2476,-22.79],[-44.2526,-22.7881],[-44.2561,-22.7869],[-44.2534,-22.7812],[-44.257,-22.7783],[-44.2571,-22.768],[-44.25,-22.7571],[-44.2397,-22.7554],[-44.2383,-22.7552],[-44.2391,-22.7538],[-44.2417,-22.7489],[-44.2268,-22.7335],[-44.2166,-22.7329],[-44.2015,-22.7319],[-44.198,-22.7245],[-44.2007,-22.7235],[-44.2016,-22.7232],[-44.2033,-22.7157],[-44.1892,-22.7133],[-44.1845,-22.7124],[-44.1779,-22.7072],[-44.1742,-22.7016],[-44.1749,-22.6982],[-44.1762,-22.6927],[-44.1687,-22.6882],[-44.1684,-22.688],[-44.168,-22.6871],[-44.1656,-22.6815],[-44.1637,-22.6801],[-44.1605,-22.6778],[-44.1613,-22.6755],[-44.1617,-22.6741],[-44.1735,-22.6574],[-44.1762,-22.6557],[-44.1899,-22.6472],[-44.1866,-22.6415],[-44.1838,-22.6368],[-44.1904,-22.6297],[-44.1974,-22.63],[-44.1981,-22.63],[-44.2034,-22.6261],[-44.2034,-22.6235],[-44.2037,-22.6149],[-44.2076,-22.6143],[-44.2161,-22.6165],[-44.2187,-22.6172],[-44.22,-22.6148],[-44.2264,-22.6041],[-44.2307,-22.6074],[-44.2323,-22.608],[-44.2476,-22.6061],[-44.2476,-22.6062],[-44.253,-22.6117],[-44.2658,-22.6037],[-44.2711,-22.6004],[-44.2773,-22.6022],[-44.2827,-22.6037],[-44.2853,-22.6092],[-44.2947,-22.6018],[-44.2952,-22.5987],[-44.2953,-22.5977],[-44.2986,-22.598],[-44.3058,-22.5986],[-44.3111,-22.5954],[-44.3123,-22.5947],[-44.3131,-22.595],[-44.3176,-22.5967],[-44.3221,-22.5921],[-44.326,-22.5882],[-44.3305,-22.589],[-44.3398,-22.5906],[-44.3432,-22.5879],[-44.3473,-22.5901],[-44.3457,-22.5968],[-44.3498,-22.5951],[-44.3514,-22.5991],[-44.3493,-22.6088],[-44.356,-22.6138],[-44.3607,-22.6112],[-44.3608,-22.6052],[-44.3612,-22.5926],[-44.3659,-22.5934],[-44.3698,-22.5894],[-44.3617,-22.5827],[-44.3599,-22.5813],[-44.3636,-22.5779],[-44.3712,-22.5796],[-44.384,-22.5732],[-44.3912,-22.5729],[-44.3953,-22.5811],[-44.409,-22.5878],[-44.4059,-22.5906],[-44.405,-22.5914],[-44.4038,-22.6002],[-44.3981,-22.6025],[-44.4059,-22.6071],[-44.4163,-22.6013],[-44.4247,-22.5993],[-44.4298,-22.598],[-44.4423,-22.6038],[-44.4456,-22.6089],[-44.4463,-22.61],[-44.4475,-22.6098],[-44.454,-22.6086],[-44.4554,-22.6096],[-44.4644,-22.6155],[-44.4777,-22.6124],[-44.4803,-22.6083],[-44.483,-22.604],[-44.4871,-22.6057],[-44.4855,-22.6095],[-44.4851,-22.6104],[-44.5082,-22.6404],[-44.5145,-22.6297],[-44.5195,-22.6299],[-44.5242,-22.63],[-44.531,-22.6303],[-44.5342,-22.6325],[-44.5308,-22.6393],[-44.5348,-22.637],[-44.537,-22.6319],[-44.5313,-22.6254],[-44.5256,-22.619],[-44.5327,-22.6153],[-44.5367,-22.6168],[-44.5485,-22.6057],[-44.557,-22.6088],[-44.5628,-22.611],[-44.5665,-22.6074],[-44.5726,-22.6015],[-44.5766,-22.6102],[-44.5837,-22.6255],[-44.591,-22.6225],[-44.5945,-22.6149],[-44.5967,-22.61],[-44.6019,-22.6071],[-44.6043,-22.6139],[-44.6044,-22.614],[-44.6098,-22.6162],[-44.6163,-22.6104],[-44.6219,-22.6055],[-44.6274,-22.6071],[-44.633,-22.6087],[-44.6449,-22.6021],[-44.6467,-22.5841],[-44.6419,-22.5771],[-44.6413,-22.5589],[-44.6473,-22.5523],[-44.6499,-22.5565],[-44.6611,-22.5504],[-44.6659,-22.5535],[-44.677,-22.5605],[-44.6758,-22.5446],[-44.6754,-22.5441],[-44.6705,-22.5392],[-44.68,-22.5257],[-44.6879,-22.5215],[-44.6955,-22.5178],[-44.6987,-22.5134],[-44.7007,-22.5106],[-44.7053,-22.5116],[-44.7153,-22.5138],[-44.7121,-22.506],[-44.7097,-22.4999],[-44.7121,-22.4929],[-44.717,-22.4922],[-44.7201,-22.4918],[-44.7235,-22.4836],[-44.7223,-22.4738],[-44.7194,-22.4703],[-44.7181,-22.4688],[-44.7182,-22.4649],[-44.7269,-22.4467],[-44.7298,-22.4396],[-44.74,-22.4261],[-44.7547,-22.4144],[-44.7605,-22.4145],[-44.7636,-22.4145],[-44.7696,-22.4146],[-44.7721,-22.4128],[-44.779,-22.408],[-44.801,-22.4056],[-44.8088,-22.4048],[-44.8036,-22.3933],[-44.7933,-22.3866],[-44.7872,-22.3876],[-44.7844,-22.3855],[-44.7836,-22.3849],[-44.7801,-22.3823],[-44.7775,-22.3831],[-44.7756,-22.3838],[-44.768,-22.3804],[-44.7596,-22.3766],[-44.7543,-22.3753],[-44.7513,-22.3754],[-44.744,-22.3757],[-44.7408,-22.372],[-44.7343,-22.3648],[-44.7318,-22.3627],[-44.7235,-22.3595],[-44.7177,-22.3642],[-44.7151,-22.3656],[-44.714,-22.3664],[-44.7114,-22.3682],[-44.7054,-22.3722],[-44.6937,-22.37],[-44.6912,-22.3696],[-44.6848,-22.3717],[-44.6783,-22.3737],[-44.6661,-22.3727],[-44.66,-22.3791],[-44.6584,-22.3742],[-44.6549,-22.3716],[-44.6545,-22.3713],[-44.6534,-22.3704],[-44.6458,-22.3646],[-44.6447,-22.3608],[-44.6425,-22.3532],[-44.6335,-22.3485],[-44.6279,-22.3455],[-44.627,-22.3413],[-44.6257,-22.3356],[-44.6168,-22.3313],[-44.5873,-22.3211],[-44.5807,-22.3272],[-44.5806,-22.3273],[-44.5797,-22.3269],[-44.5712,-22.3237],[-44.5679,-22.3274],[-44.5639,-22.3319],[-44.5582,-22.3292],[-44.5454,-22.3232],[-44.5431,-22.3313],[-44.5418,-22.3311],[-44.5328,-22.3299],[-44.5301,-22.3234],[-44.5173,-22.3158],[-44.5164,-22.3142],[-44.5132,-22.3085],[-44.5006,-22.3032],[-44.494,-22.3005],[-44.4676,-22.2791],[-44.4607,-22.2799],[-44.4629,-22.2745],[-44.4622,-22.2738],[-44.4587,-22.27],[-44.4622,-22.2662],[-44.456,-22.2567],[-44.4462,-22.2551],[-44.4443,-22.2575],[-44.44,-22.2543],[-44.438,-22.2578],[-44.4323,-22.2511],[-44.4235,-22.2552],[-44.414,-22.2537],[-44.3944,-22.2584],[-44.3916,-22.2636],[-44.3914,-22.264],[-44.3872,-22.272],[-44.3836,-22.267],[-44.377,-22.2675],[-44.3758,-22.2634],[-44.3752,-22.2616],[-44.3605,-22.2526],[-44.3519,-22.2573],[-44.3407,-22.2533],[-44.3381,-22.2566],[-44.3368,-22.2582],[-44.327,-22.2548],[-44.3243,-22.2539],[-44.3241,-22.2544],[-44.3216,-22.2607],[-44.3143,-22.254],[-44.3014,-22.2531],[-44.2994,-22.251],[-44.2911,-22.2426],[-44.289,-22.247],[-44.2841,-22.2431],[-44.2684,-22.2443],[-44.2669,-22.2478],[-44.2638,-22.2437],[-44.2632,-22.248],[-44.262,-22.2533],[-44.2611,-22.2613],[-44.2608,-22.2631],[-44.2602,-22.2679],[-44.2576,-22.2659],[-44.2504,-22.2602],[-44.2463,-22.2665],[-44.2387,-22.2624],[-44.2364,-22.2645],[-44.235,-22.2657],[-44.224,-22.2588],[-44.224,-22.2577],[-44.224,-22.2525],[-44.2129,-22.2458],[-44.209,-22.2496],[-44.2081,-22.2506],[-44.2034,-22.2483],[-44.2013,-22.2511],[-44.1891,-22.2402],[-44.1888,-22.2399],[-44.1806,-22.2326],[-44.1798,-22.2276],[-44.1731,-22.23],[-44.1718,-22.2294],[-44.1664,-22.2271],[-44.1665,-22.2285],[-44.1666,-22.2317],[-44.1637,-22.232],[-44.1582,-22.2248],[-44.1532,-22.2265],[-44.1505,-22.2185],[-44.1488,-22.2132],[-44.1459,-22.2155],[-44.1407,-22.2198],[-44.1332,-22.2096],[-44.127,-22.2115],[-44.126,-22.2083],[-44.1211,-22.2086],[-44.1244,-22.2012],[-44.1249,-22.2],[-44.1209,-22.1948],[-44.1227,-22.1878],[-44.1189,-22.1868],[-44.1175,-22.1896],[-44.1047,-22.1841],[-44.1045,-22.1773],[-44.0997,-22.1728],[-44.0898,-22.1753],[-44.0893,-22.1764],[-44.0866,-22.1831],[-44.0854,-22.1769],[-44.0767,-22.1743],[-44.0738,-22.1681],[-44.0721,-22.1645],[-44.066,-22.1616],[-44.0516,-22.1608],[-44.0406,-22.1601],[-44.0391,-22.1566],[-44.0379,-22.1539],[-44.0235,-22.1509],[-44.0175,-22.1544],[-44.0046,-22.1619],[-43.9976,-22.1555],[-43.9929,-22.1578],[-43.9902,-22.1534],[-43.9879,-22.1497],[-43.985,-22.1495],[-43.9767,-22.1492],[-43.9784,-22.1462],[-43.9606,-22.1401],[-43.9529,-22.141],[-43.9404,-22.1317],[-43.8972,-22.1181],[-43.8948,-22.116],[-43.8924,-22.114],[-43.8906,-22.1138],[-43.8802,-22.1132],[-43.8799,-22.1083],[-43.8795,-22.1003],[-43.871,-22.1034],[-43.8703,-22.0995],[-43.8619,-22.099],[-43.8572,-22.0946],[-43.8503,-22.0965],[-43.843,-22.0985],[-43.8231,-22.0903],[-43.8176,-22.0868],[-43.8163,-22.086],[-43.8143,-22.0858],[-43.8107,-22.0855],[-43.8108,-22.0848],[-43.8112,-22.0823],[-43.8018,-22.0821],[-43.7998,-22.082],[-43.7985,-22.0811],[-43.777,-22.0663],[-43.7683,-22.0671],[-43.7656,-22.0624],[-43.7635,-22.0723],[-43.7634,-22.0728],[-43.7626,-22.0732],[-43.7558,-22.0765],[-43.7574,-22.078],[-43.7601,-22.0805],[-43.7482,-22.0866],[-43.746,-22.0877],[-43.7461,-22.0886],[-43.7465,-22.0923],[-43.7408,-22.0944],[-43.7336,-22.0961],[-43.7233,-22.0849],[-43.7195,-22.0807],[-43.7139,-22.0809],[-43.7095,-22.0811],[-43.7089,-22.0789],[-43.7083,-22.0766],[-43.6998,-22.0774],[-43.6914,-22.0704],[-43.6815,-22.0711],[-43.6788,-22.0771],[-43.6732,-22.0891],[-43.6681,-22.0852],[-43.6658,-22.0763],[-43.6652,-22.074],[-43.656,-22.0728],[-43.6522,-22.0666],[-43.644,-22.0658],[-43.6378,-22.0679],[-43.6318,-22.0729],[-43.6279,-22.0761],[-43.6207,-22.075],[-43.6191,-22.0831],[-43.6119,-22.0813],[-43.6107,-22.0711],[-43.6033,-22.0716],[-43.6027,-22.0698],[-43.6009,-22.064],[-43.5992,-22.0585],[-43.5955,-22.0596],[-43.5914,-22.0562],[-43.5857,-22.0515],[-43.5841,-22.07],[-43.5743,-22.0773],[-43.569,-22.0784],[-43.5682,-22.0812],[-43.5665,-22.0872],[-43.5622,-22.0873],[-43.5555,-22.0816],[-43.5253,-22.0716],[-43.5241,-22.0695],[-43.5194,-22.0614],[-43.5132,-22.0588],[-43.5053,-22.0661],[-43.5057,-22.0678],[-43.5071,-22.074],[-43.4918,-22.0733],[-43.484,-22.0714],[-43.4755,-22.0693],[-43.4725,-22.0699],[-43.462,-22.0722],[-43.4426,-22.062],[-43.4368,-22.0589],[-43.4278,-22.0542],[-43.4218,-22.0536],[-43.4188,-22.0533],[-43.3682,-22.02],[-43.368,-22.0196],[-43.3655,-22.0111],[-43.3541,-22.0088],[-43.3517,-22.0083],[-43.3464,-22.0034],[-43.339,-22.0101],[-43.3305,-22.0104],[-43.3201,-22.0064],[-43.3186,-22.0084],[-43.317,-22.0139],[-43.3165,-22.0155],[-43.3006,-22.0191],[-43.2837,-22.0121],[-43.2801,-22.0105],[-43.2747,-22.0112],[-43.2747,-22.0112],[-43.2729,-22.0116],[-43.269,-22.0124],[-43.2656,-22.0103],[-43.262,-22.008],[-43.2544,-22.0115],[-43.2461,-22.0065],[-43.2362,-22.0128],[-43.2363,-22.0198],[-43.2363,-22.0224],[-43.2273,-22.0274],[-43.222,-22.0311],[-43.2129,-22.0299],[-43.2044,-22.0259],[-43.2026,-22.025],[-43.2028,-22.0258],[-43.2049,-22.0349],[-43.2022,-22.0365],[-43.1979,-22.0349],[-43.1752,-22.0245],[-43.1691,-22.0217],[-43.1643,-22.0224],[-43.1637,-22.0251],[-43.163,-22.028],[-43.1547,-22.0319],[-43.1524,-22.0315],[-43.1472,-22.0306],[-43.1437,-22.0332],[-43.1336,-22.0303],[-43.1307,-22.0295],[-43.1297,-22.035],[-43.1279,-22.0462],[-43.1337,-22.0585],[-43.1501,-22.0711],[-43.1519,-22.0743],[-43.1537,-22.0775],[-43.1446,-22.1001],[-43.1365,-22.1088],[-43.1272,-22.1044],[-43.1242,-22.0955],[-43.1224,-22.0904],[-43.1063,-22.0835],[-43.0891,-22.0875],[-43.0776,-22.0836],[-43.0758,-22.0873],[-43.073,-22.0934],[-43.0691,-22.0914],[-43.0648,-22.0892],[-43.0576,-22.0853],[-43.053,-22.0826],[-43.0505,-22.0809],[-43.0435,-22.0754],[-43.0353,-22.0687],[-43.0322,-22.066],[-43.0322,-22.0597],[-43.0329,-22.059],[-43.0385,-22.0525],[-43.0382,-22.0466],[-43.0252,-22.0398],[-43.0034,-22.0327],[-42.9938,-22.0349],[-42.9928,-22.0351],[-42.9894,-22.0327],[-42.9859,-22.0303],[-42.966,-22.0144],[-42.9615,-22.0144],[-42.9593,-22.0144],[-42.9465,-22.0061],[-42.9142,-21.9922],[-42.9087,-21.99],[-42.8824,-21.9666],[-42.8822,-21.9631],[-42.8821,-21.9596],[-42.8332,-21.944],[-42.8285,-21.9425],[-42.8285,-21.9425],[-42.8238,-21.9409],[-42.7912,-21.9307],[-42.7856,-21.9282],[-42.783,-21.927],[-42.7755,-21.9237],[-42.773,-21.9226],[-42.7729,-21.9226],[-42.7662,-21.9198],[-42.7562,-21.9152],[-42.7556,-21.9149],[-42.7554,-21.9148],[-42.7554,-21.9148],[-42.749,-21.9123],[-42.7388,-21.9076],[-42.7321,-21.904],[-42.7101,-21.8936],[-42.7078,-21.8924],[-42.7027,-21.8898],[-42.7001,-21.8888],[-42.7001,-21.8888],[-42.6994,-21.8885],[-42.6978,-21.8877],[-42.6978,-21.8877],[-42.686,-21.8817],[-42.6807,-21.8791],[-42.6736,-21.877],[-42.6673,-21.8733],[-42.6552,-21.8715],[-42.6514,-21.8693],[-42.6369,-21.8647],[-42.6288,-21.8618],[-42.6206,-21.8589],[-42.6081,-21.8517],[-42.6057,-21.8539],[-42.6048,-21.8547],[-42.5978,-21.8532],[-42.5937,-21.8518],[-42.5805,-21.8459],[-42.5813,-21.8412],[-42.582,-21.8372],[-42.5668,-21.831],[-42.5576,-21.8278],[-42.4655,-21.7873],[-42.4638,-21.7866],[-42.4602,-21.785],[-42.4317,-21.7746],[-42.3907,-21.7597],[-42.3789,-21.7501],[-42.3764,-21.748],[-42.3561,-21.7414],[-42.3458,-21.7436],[-42.3354,-21.7458],[-42.3117,-21.7353],[-42.3092,-21.7322],[-42.3068,-21.729],[-42.2995,-21.7261],[-42.2711,-21.7147],[-42.2662,-21.7079],[-42.2675,-21.7067],[-42.269,-21.7054],[-42.2716,-21.7031],[-42.2705,-21.7011],[-42.2669,-21.6946],[-42.2702,-21.6812],[-42.2749,-21.6764],[-42.2787,-21.6783],[-42.283,-21.6805],[-42.2862,-21.6732],[-42.2867,-21.6722],[-42.2827,-21.6702],[-42.3015,-21.6545],[-42.3094,-21.6583],[-42.3162,-21.6547],[-42.3194,-21.6593],[-42.3197,-21.6596],[-42.321,-21.6586],[-42.3245,-21.6557],[-42.3257,-21.6566],[-42.3315,-21.6612],[-42.3378,-21.6614],[-42.3405,-21.6602],[-42.3424,-21.6578],[-42.3422,-21.6555],[-42.3435,-21.65],[-42.3463,-21.6425],[-42.3551,-21.647],[-42.3646,-21.6458],[-42.3688,-21.6391],[-42.3605,-21.6307],[-42.3553,-21.6254],[-42.3589,-21.6209],[-42.3605,-21.6217],[-42.3647,-21.6235],[-42.3686,-21.6191],[-42.3527,-21.5916],[-42.3502,-21.5883],[-42.3458,-21.5825],[-42.3255,-21.5695],[-42.3267,-21.5634],[-42.327,-21.5622],[-42.3307,-21.5601],[-42.3181,-21.5548],[-42.31,-21.5514],[-42.3102,-21.5466],[-42.3025,-21.539],[-42.3033,-21.5367],[-42.3059,-21.529],[-42.2967,-21.5241],[-42.2942,-21.5248],[-42.2857,-21.5272],[-42.2733,-21.5037],[-42.2544,-21.4941],[-42.2523,-21.4898],[-42.271,-21.4752],[-42.2682,-21.4684],[-42.2773,-21.465],[-42.2922,-21.4595],[-42.2859,-21.4492],[-42.2852,-21.4481],[-42.2839,-21.446],[-42.2848,-21.4439],[-42.2856,-21.4418],[-42.2824,-21.4383],[-42.2792,-21.4349],[-42.2801,-21.433],[-42.2805,-21.4321],[-42.2794,-21.4312],[-42.2752,-21.428],[-42.2761,-21.4236],[-42.2787,-21.4101],[-42.2672,-21.3997],[-42.2648,-21.4032],[-42.2604,-21.4096],[-42.2387,-21.4013],[-42.2375,-21.3925],[-42.2486,-21.3897],[-42.2491,-21.3895],[-42.2512,-21.3854],[-42.2409,-21.3777],[-42.2406,-21.3774],[-42.2407,-21.3767],[-42.2414,-21.3727],[-42.2398,-21.3718],[-42.2295,-21.3661],[-42.2322,-21.3537],[-42.229,-21.3506],[-42.2351,-21.3441],[-42.2358,-21.3432],[-42.2348,-21.3428],[-42.2237,-21.3375],[-42.2285,-21.3282],[-42.229,-21.328],[-42.2318,-21.3267],[-42.2363,-21.3247],[-42.2378,-21.3182],[-42.2294,-21.308],[-42.2286,-21.2839],[-42.223,-21.277],[-42.217,-21.274],[-42.2121,-21.2716],[-42.2036,-21.2613],[-42.1893,-21.2494],[-42.1943,-21.2391],[-42.1884,-21.2296],[-42.191,-21.2238],[-42.1969,-21.2258],[-42.1983,-21.2247],[-42.2025,-21.2212],[-42.2022,-21.2177],[-42.2015,-21.2091],[-42.1973,-21.2043],[-42.1948,-21.2014],[-42.1982,-21.1954],[-42.2081,-21.1777],[-42.2003,-21.1737],[-42.1993,-21.1731],[-42.199,-21.1712],[-42.1984,-21.1671],[-42.1984,-21.1671],[-42.1984,-21.1671],[-42.1924,-21.164],[-42.1951,-21.1601],[-42.1954,-21.1596],[-42.1904,-21.1473],[-42.1884,-21.1461],[-42.179,-21.1405],[-42.178,-21.1371],[-42.1754,-21.1322],[-42.1702,-21.1281],[-42.1702,-21.1141],[-42.1671,-21.1075],[-42.164,-21.101],[-42.1578,-21.1013],[-42.1399,-21.1024],[-42.1356,-21.0939],[-42.1337,-21.085],[-42.1328,-21.0806],[-42.1281,-21.0783],[-42.1199,-21.0745],[-42.1193,-21.0689],[-42.1009,-21.0493],[-42.1018,-21.0471],[-42.1025,-21.0453],[-42.0985,-21.0391],[-42.1007,-21.034],[-42.0933,-21.0368],[-42.093,-21.0367],[-42.0801,-21.0352],[-42.0805,-21.0335],[-42.0816,-21.0295],[-42.0845,-21.0224],[-42.1023,-21.014],[-42.1073,-21.0135],[-42.1113,-21.0112],[-42.1146,-21.0093],[-42.1153,-21.007],[-42.1166,-21.0021],[-42.1211,-21.0026],[-42.1261,-21.0031],[-42.1408,-20.9927],[-42.1411,-20.9875],[-42.1412,-20.9866],[-42.1502,-20.9801],[-42.1503,-20.9793],[-42.1513,-20.9739],[-42.138,-20.9601],[-42.1251,-20.9553],[-42.1248,-20.9556],[-42.1215,-20.9592],[-42.1152,-20.9587],[-42.1148,-20.9503],[-42.1148,-20.9497],[-42.1107,-20.9481],[-42.109,-20.9475],[-42.1079,-20.9466],[-42.0932,-20.9358],[-42.0901,-20.9372],[-42.087,-20.9387],[-42.0653,-20.9381],[-42.0458,-20.9328],[-42.0458,-20.9327],[-42.0381,-20.927],[-42.0274,-20.9276],[-42.023,-20.925],[-42.0162,-20.928],[-42.0161,-20.9281],[-42.0042,-20.9315],[-41.9983,-20.926],[-41.9763,-20.935],[-41.979,-20.9229],[-41.9792,-20.9219],[-41.9725,-20.9156],[-41.9714,-20.9158],[-41.9669,-20.9163],[-41.9637,-20.906],[-41.9661,-20.9012],[-41.967,-20.8994],[-41.9648,-20.8924],[-41.96,-20.8823],[-41.9543,-20.8776],[-41.9499,-20.8739],[-41.9511,-20.8716],[-41.9543,-20.865],[-41.9494,-20.8575],[-41.9424,-20.8558],[-41.9352,-20.8542],[-41.9293,-20.8445],[-41.9258,-20.8376],[-41.935,-20.8281],[-41.9249,-20.8011],[-41.9277,-20.7945],[-41.9156,-20.7923],[-41.9059,-20.7967],[-41.9008,-20.7958],[-41.8963,-20.789],[-41.8852,-20.7848],[-41.8784,-20.7782],[-41.8787,-20.7736],[-41.8731,-20.7704],[-41.8745,-20.7663],[-41.8661,-20.7653],[-41.8534,-20.7637],[-41.8477,-20.7746],[-41.8369,-20.7811],[-41.8252,-20.7881],[-41.8261,-20.7906],[-41.8281,-20.7961],[-41.8165,-20.8004],[-41.8114,-20.7988],[-41.8066,-20.7971],[-41.8092,-20.8],[-41.8134,-20.8048],[-41.8021,-20.805],[-41.8008,-20.8051],[-41.7998,-20.8041],[-41.7941,-20.7985],[-41.7754,-20.7994],[-41.7671,-20.8015],[-41.7656,-20.8036],[-41.7635,-20.8066],[-41.7619,-20.8067],[-41.7553,-20.807],[-41.7503,-20.817],[-41.75,-20.8176],[-41.7498,-20.8174],[-41.7473,-20.8145],[-41.7405,-20.8178],[-41.7426,-20.8251],[-41.7426,-20.8251],[-41.7426,-20.8252],[-41.7389,-20.8273],[-41.7407,-20.8296],[-41.737,-20.8361],[-41.7452,-20.8528],[-41.7398,-20.8656],[-41.7413,-20.8714],[-41.7288,-20.8696],[-41.7269,-20.8641],[-41.712,-20.8711],[-41.7186,-20.875],[-41.7226,-20.8835],[-41.7267,-20.8924],[-41.7249,-20.8968],[-41.7222,-20.8967],[-41.7193,-20.8967],[-41.7218,-20.9151],[-41.7227,-20.9223],[-41.736,-20.928],[-41.7334,-20.9433],[-41.7193,-20.9532],[-41.7175,-20.9544],[-41.7162,-20.9694],[-41.7157,-20.9755],[-41.7149,-20.9765],[-41.7115,-20.9806],[-41.7104,-20.991],[-41.7148,-20.9915],[-41.7157,-20.9916],[-41.7219,-21.0024],[-41.7224,-21.0106],[-41.7195,-21.0128],[-41.7151,-21.0162],[-41.7158,-21.0224],[-41.721,-21.024],[-41.7233,-21.0247],[-41.7251,-21.0299],[-41.7221,-21.0408],[-41.7214,-21.0435],[-41.7162,-21.0466],[-41.72,-21.0547],[-41.7231,-21.0557],[-41.7239,-21.0559],[-41.7286,-21.0501],[-41.7315,-21.0663],[-41.7229,-21.0679],[-41.7213,-21.0731],[-41.7357,-21.1023],[-41.7286,-21.1063],[-41.7234,-21.1036],[-41.7171,-21.1048],[-41.7167,-21.1049],[-41.7107,-21.106],[-41.7075,-21.1066],[-41.7048,-21.1107],[-41.7118,-21.1135],[-41.7175,-21.1158],[-41.7176,-21.1233],[-41.7042,-21.1266],[-41.7053,-21.1203],[-41.6985,-21.1179],[-41.6923,-21.1158],[-41.6879,-21.1214],[-41.6818,-21.1206],[-41.6778,-21.1248],[-41.677,-21.1258],[-41.6774,-21.1319],[-41.672,-21.1271],[-41.6712,-21.1265],[-41.6623,-21.1246],[-41.6641,-21.1307],[-41.6645,-21.1322],[-41.6606,-21.1334],[-41.6531,-21.1369],[-41.6537,-21.1425],[-41.6464,-21.1441],[-41.6385,-21.1459],[-41.6302,-21.1443],[-41.6285,-21.144],[-41.6269,-21.1451],[-41.6131,-21.1551],[-41.6003,-21.1517],[-41.5874,-21.1483],[-41.5844,-21.1577],[-41.5818,-21.1658],[-41.5746,-21.1681],[-41.5703,-21.1708],[-41.5689,-21.1792],[-41.5653,-21.1822],[-41.558,-21.1724],[-41.548,-21.1824],[-41.5305,-21.1793],[-41.5174,-21.1865],[-41.5137,-21.1788],[-41.5125,-21.1763],[-41.5077,-21.1755],[-41.5017,-21.1814],[-41.4982,-21.1848],[-41.4949,-21.1832],[-41.4879,-21.1799],[-41.4822,-21.1833],[-41.4788,-21.1818],[-41.4795,-21.1934],[-41.4699,-21.2012],[-41.4644,-21.2035],[-41.4537,-21.2079],[-41.4508,-21.2105],[-41.4475,-21.2136],[-41.4352,-21.2155],[-41.4208,-21.2028],[-41.4169,-21.1993],[-41.4135,-21.2009],[-41.4128,-21.2012],[-41.4122,-21.2006],[-41.4103,-21.1986],[-41.4088,-21.2],[-41.4064,-21.2023],[-41.4043,-21.1999],[-41.403,-21.1984],[-41.3981,-21.1999],[-41.3921,-21.2016],[-41.3819,-21.1998],[-41.3818,-21.1997],[-41.381,-21.1959],[-41.3771,-21.1952],[-41.3738,-21.2009],[-41.3726,-21.2029],[-41.3677,-21.2027],[-41.3632,-21.2024],[-41.3341,-21.2103],[-41.3307,-21.2135],[-41.3258,-21.218],[-41.3258,-21.2149],[-41.3257,-21.2126],[-41.3167,-21.2133],[-41.317,-21.2175],[-41.3173,-21.2211],[-41.3115,-21.219],[-41.311,-21.2188],[-41.3107,-21.2192],[-41.3082,-21.2226],[-41.2969,-21.2339],[-41.2884,-21.2337],[-41.2856,-21.2373],[-41.2835,-21.2344],[-41.2767,-21.2398],[-41.2754,-21.2359],[-41.2714,-21.2368],[-41.2719,-21.2329],[-41.2681,-21.2327],[-41.2653,-21.2326],[-41.2617,-21.2363],[-41.2592,-21.2305],[-41.2569,-21.2253],[-41.2409,-21.2207],[-41.2344,-21.2257],[-41.228,-21.2255],[-41.2269,-21.2279],[-41.2259,-21.2301],[-41.2222,-21.2297],[-41.2203,-21.2295],[-41.2205,-21.2303],[-41.2213,-21.2328],[-41.2118,-21.2354],[-41.2049,-21.2434],[-41.2037,-21.2394],[-41.1992,-21.2437],[-41.1925,-21.2422],[-41.1905,-21.248],[-41.1877,-21.243],[-41.1831,-21.244],[-41.1858,-21.2409],[-41.1849,-21.2395],[-41.1825,-21.2358],[-41.1812,-21.2392],[-41.1807,-21.2404],[-41.1741,-21.2406],[-41.1764,-21.2444],[-41.1636,-21.2427],[-41.1606,-21.2455],[-41.1568,-21.2402],[-41.1413,-21.2382],[-41.1389,-21.2321],[-41.137,-21.2275],[-41.1332,-21.2263],[-41.1248,-21.2284],[-41.1188,-21.2299],[-41.1121,-21.2251],[-41.1039,-21.2192],[-41.1023,-21.2217],[-41.092,-21.2182],[-41.0906,-21.2212],[-41.081,-21.2215],[-41.0746,-21.2285],[-41.073,-21.2303],[-41.0721,-21.2296],[-41.0701,-21.2282],[-41.0555,-21.2377],[-41.0551,-21.2381],[-41.041,-21.2547],[-41.0329,-21.2502],[-41.0247,-21.2458],[-41.006,-21.2517],[-41.002,-21.2587],[-40.9981,-21.2657],[-40.9967,-21.2828],[-40.9949,-21.2851],[-40.9852,-21.2865],[-40.9795,-21.2821],[-40.9776,-21.2805],[-40.9763,-21.2854],[-40.9757,-21.2875],[-40.9712,-21.2938],[-40.9711,-21.2939],[-40.9679,-21.2936],[-40.9654,-21.2952],[-40.9643,-21.2995],[-40.9572,-21.303],[-40.9596,-21.3165],[-40.9628,-21.3345],[-40.9639,-21.3408],[-40.9643,-21.3439],[-40.9634,-21.3479],[-40.963,-21.3495],[-40.9615,-21.3554],[-40.9602,-21.3609],[-40.9647,-21.3631],[-40.9746,-21.3802],[-40.9774,-21.3851],[-40.9822,-21.3933],[-40.9853,-21.392],[-40.9872,-21.3913],[-40.9911,-21.394],[-40.9972,-21.3983],[-40.9994,-21.4036],[-41.0026,-21.4109],[-41.0034,-21.4129],[-41.0061,-21.4194],[-41.0087,-21.4234],[-41.012,-21.4282],[-41.0196,-21.4396],[-41.023,-21.4446],[-41.0254,-21.4474],[-41.0285,-21.4511],[-41.0309,-21.4538],[-41.0373,-21.4611],[-41.0419,-21.4637],[-41.0472,-21.4666],[-41.0556,-21.4767],[-41.0582,-21.4798],[-41.0595,-21.4815],[-41.0602,-21.4823],[-41.064,-21.4869],[-41.0714,-21.5082],[-41.0737,-21.5148],[-41.0717,-21.535],[-41.0713,-21.5396],[-41.0708,-21.5443],[-41.0565,-21.5842],[-41.0562,-21.5851],[-41.0475,-21.5959],[-41.0443,-21.5976],[-41.0369,-21.6014],[-41.0312,-21.6043],[-41.0264,-21.6043],[-41.0197,-21.6042],[-41.013,-21.6076],[-41.01,-21.6115],[-41.0133,-21.6276],[-41.0236,-21.6802],[-41.0257,-21.7206],[-41.0249,-21.7239],[-41.0232,-21.7312],[-41.0224,-21.7344],[-41.0203,-21.7436],[-41.0138,-21.7709],[-41.0107,-21.7839],[-41.0076,-21.7969],[-40.9956,-21.8478],[-40.9945,-21.8524],[-40.9939,-21.8549],[-40.9916,-21.8645],[-40.9866,-21.8855],[-40.9835,-21.8988],[-40.9824,-21.9036],[-40.9796,-21.9151],[-40.9738,-21.9468],[-40.9742,-21.9585],[-40.9746,-21.9701],[-40.9847,-21.9992],[-40.9871,-22.0025],[-40.9923,-22.0093],[-40.9954,-22.0117],[-41.005,-22.0189],[-41.0092,-22.022],[-41.0128,-22.0239],[-41.037,-22.0362],[-41.0767,-22.0565],[-41.0787,-22.0574],[-41.0806,-22.0584],[-41.1102,-22.0774],[-41.1258,-22.0874],[-41.1309,-22.0908],[-41.1576,-22.1096],[-41.1618,-22.1116],[-41.1882,-22.1244],[-41.1957,-22.128],[-41.1957,-22.128],[-41.2033,-22.1317],[-41.2218,-22.1389],[-41.2342,-22.1437],[-41.242,-22.1467],[-41.2494,-22.1487],[-41.2618,-22.152],[-41.265,-22.1529],[-41.2681,-22.1537],[-41.298,-22.1618],[-41.3033,-22.1632],[-41.3044,-22.1635],[-41.3119,-22.1655],[-41.3319,-22.1709],[-41.3416,-22.1735],[-41.3513,-22.1762],[-41.3768,-22.183],[-41.3811,-22.1842],[-41.3854,-22.1853],[-41.4192,-22.1944],[-41.4233,-22.1955],[-41.4327,-22.1981],[-41.4441,-22.2012],[-41.4716,-22.2086],[-41.4827,-22.2115],[-41.491,-22.2147],[-41.5007,-22.2184],[-41.5379,-22.2325],[-41.5601,-22.2415],[-41.5689,-22.245],[-41.5721,-22.2463],[-41.5778,-22.2486],[-41.5831,-22.2508],[-41.6235,-22.2671],[-41.6254,-22.2681],[-41.6273,-22.269],[-41.6822,-22.2964],[-41.6873,-22.2989],[-41.6886,-22.2996],[-41.6927,-22.3028],[-41.7034,-22.3112],[-41.7265,-22.3293],[-41.7405,-22.3402],[-41.7418,-22.3408],[-41.7496,-22.3446],[-41.7577,-22.3487],[-41.7668,-22.3541],[-41.7727,-22.3631],[-41.7741,-22.3737],[-41.7729,-22.3741],[-41.7694,-22.3756],[-41.7666,-22.3768],[-41.7705,-22.3842],[-41.7675,-22.3884],[-41.7783,-22.3933],[-41.7847,-22.3966],[-41.7889,-22.3985],[-41.7909,-22.3993],[-41.7933,-22.4012],[-41.7945,-22.4022],[-41.7979,-22.4038],[-41.8143,-22.4144],[-41.8174,-22.4163],[-41.8237,-22.4214],[-41.8287,-22.4253],[-41.8362,-22.4312],[-41.8373,-22.4321],[-41.8414,-22.4354],[-41.852,-22.4461],[-41.854,-22.4502],[-41.8581,-22.4588],[-41.8587,-22.462],[-41.8595,-22.4656],[-41.8595,-22.4659],[-41.8604,-22.4702],[-41.8618,-22.4769],[-41.8683,-22.478],[-41.8737,-22.4832],[-41.8781,-22.4874],[-41.8821,-22.4873],[-41.8841,-22.4872],[-41.891,-22.4867],[-41.8994,-22.4943],[-41.9119,-22.5103],[-41.9142,-22.5133],[-41.9165,-22.5164],[-41.9205,-22.5266],[-41.9243,-22.5303],[-41.9324,-22.5375],[-41.9374,-22.5367],[-41.9409,-22.5316],[-41.9418,-22.5303],[-41.9436,-22.5276],[-41.9518,-22.5297],[-41.957,-22.5315],[-41.9604,-22.5342],[-41.9686,-22.5424],[-41.9737,-22.5519],[-41.9766,-22.5574],[-41.9806,-22.5597],[-41.9797,-22.5644],[-41.9836,-22.5785],[-41.9865,-22.5891],[-41.9891,-22.5984],[-41.9925,-22.5972],[-41.9951,-22.6025],[-41.9979,-22.6083],[-41.9975,-22.6273],[-41.9974,-22.6362],[-41.9974,-22.6363],[-41.9973,-22.6388],[-41.9973,-22.6424],[-41.997,-22.6607],[-41.9969,-22.6675],[-41.9962,-22.6707],[-41.9885,-22.7027],[-41.9846,-22.7173],[-41.9803,-22.7232],[-41.9765,-22.7288],[-41.9738,-22.7298],[-41.9708,-22.7303],[-41.9678,-22.7308],[-41.962,-22.7314],[-41.9554,-22.7321],[-41.9574,-22.7369],[-41.9458,-22.7541],[-41.9431,-22.758],[-41.9396,-22.761],[-41.9342,-22.7655],[-41.9313,-22.7678],[-41.926,-22.769],[-41.9227,-22.7698],[-41.919,-22.7707],[-41.9122,-22.7686],[-41.9096,-22.7619],[-41.9123,-22.7551],[-41.905,-22.7548],[-41.9008,-22.7506],[-41.8968,-22.7514],[-41.8884,-22.7536],[-41.8854,-22.7517],[-41.8825,-22.7495],[-41.8824,-22.7433],[-41.8822,-22.7402],[-41.875,-22.7415],[-41.8735,-22.7373],[-41.8679,-22.7418],[-41.872,-22.7481],[-41.8739,-22.7513],[-41.8681,-22.7528],[-41.8637,-22.754],[-41.866,-22.7614],[-41.8707,-22.7605],[-41.8742,-22.7652],[-41.8762,-22.7609],[-41.8774,-22.7673],[-41.879,-22.775],[-41.8847,-22.7684],[-41.8889,-22.7702],[-41.8872,-22.7735],[-41.8866,-22.7769],[-41.8919,-22.7815],[-41.8968,-22.7855],[-41.9001,-22.7807],[-41.9044,-22.7829],[-41.9065,-22.7785],[-41.9113,-22.7783],[-41.917,-22.782],[-41.9227,-22.7858],[-41.9314,-22.7966],[-41.9326,-22.8037],[-41.9275,-22.8074],[-41.9297,-22.8129],[-41.9326,-22.8121],[-41.9414,-22.809],[-41.9448,-22.8128],[-41.9581,-22.8172],[-41.9597,-22.8177],[-41.9669,-22.8201],[-41.9697,-22.821],[-41.97,-22.8216],[-41.9834,-22.8438],[-41.9857,-22.8484],[-41.9858,-22.8581],[-41.9858,-22.8605],[-41.9858,-22.8617],[-41.9826,-22.8671],[-41.9809,-22.8724],[-41.9908,-22.8818],[-41.9989,-22.8844],[-42.0014,-22.8892],[-42.0051,-22.8848],[-42.0082,-22.8844],[-42.0082,-22.8843],[-42.0117,-22.8839],[-42.0199,-22.8902],[-42.0237,-22.893],[-42.0254,-22.8956],[-42.0276,-22.8991],[-42.0309,-22.9043],[-42.0339,-22.9154],[-42.0362,-22.924],[-42.0358,-22.9286],[-42.0357,-22.9294],[-42.0354,-22.9336],[-42.034,-22.9384],[-42.0318,-22.9459],[-42.0285,-22.946],[-42.0256,-22.9461],[-42.0212,-22.946],[-42.0226,-22.9493],[-42.0249,-22.9541],[-42.0258,-22.9559],[-42.0227,-22.9591],[-42.0207,-22.9613],[-42.0177,-22.9581],[-42.0142,-22.9545],[-42.0074,-22.9535],[-42.0086,-22.9596],[-42.0062,-22.9619],[-42.0028,-22.959],[-41.9966,-22.96],[-42.0,-22.965],[-42.003,-22.9694],[-42.0075,-22.9671],[-42.0131,-22.9641],[-42.0157,-22.9672],[-42.0127,-22.9702],[-42.0176,-22.9707],[-42.0188,-22.9708],[-42.0188,-22.975],[-42.0189,-22.9787],[-42.0141,-22.9788],[-42.0101,-22.9788],[-42.0074,-22.9831],[-42.0121,-22.988],[-42.0125,-22.9922],[-42.0129,-22.9973],[-42.0153,-22.9915],[-42.0177,-22.9858],[-42.0188,-22.9853],[-42.027,-22.9817],[-42.031,-22.98],[-42.0345,-22.9785],[-42.0342,-22.9753],[-42.0337,-22.9707],[-42.0425,-22.9645],[-42.0456,-22.9637],[-42.0763,-22.9552],[-42.135,-22.9507],[-42.1885,-22.9467],[-42.2284,-22.9437],[-42.291,-22.939],[-42.3309,-22.9372],[-42.3669,-22.9354],[-42.3784,-22.9354],[-42.4059,-22.9352],[-42.4116,-22.9351],[-42.414,-22.9351],[-42.4244,-22.935],[-42.4548,-22.9363],[-42.4627,-22.9366],[-42.4697,-22.9369],[-42.473,-22.9371],[-42.477,-22.9372],[-42.4803,-22.9374],[-42.4934,-22.9379],[-42.5102,-22.9336],[-42.5137,-22.9328],[-42.5137,-22.9328],[-42.5173,-22.9321],[-42.5452,-22.9329],[-42.5554,-22.933],[-42.5655,-22.933],[-42.5792,-22.9327],[-42.5853,-22.9328],[-42.5933,-22.9337],[-42.5954,-22.9339],[-42.6001,-22.9342],[-42.6289,-22.9362],[-42.636,-22.9368],[-42.6362,-22.9368],[-42.6432,-22.9384],[-42.6691,-22.9427],[-42.6726,-22.9433],[-42.6792,-22.9465],[-42.6828,-22.9482],[-42.6835,-22.951],[-42.6837,-22.9516],[-42.6853,-22.9587],[-42.692,-22.9619],[-42.6962,-22.9577],[-42.705,-22.9568],[-42.7139,-22.9557],[-42.7329,-22.9569],[-42.7497,-22.958],[-42.754,-22.9583],[-42.762,-22.9588],[-42.7689,-22.9591],[-42.7744,-22.9593],[-42.7777,-22.9592],[-42.8043,-22.9611],[-42.8131,-22.9616],[-42.8244,-22.9626],[-42.829,-22.963],[-42.8421,-22.964],[-42.8441,-22.9641],[-42.8585,-22.9651],[-42.8754,-22.9662],[-42.8846,-22.9679],[-42.9011,-22.9711],[-42.9024,-22.9714],[-42.9122,-22.9733],[-42.918,-22.9745],[-42.923,-22.9739],[-42.9437,-22.9718],[-42.9504,-22.9711],[-42.9504,-22.9711],[-42.9571,-22.9704],[-42.9941,-22.9692],[-42.9984,-22.9697],[-42.9986,-22.9698],[-43.0068,-22.9708],[-43.0115,-22.9714],[-43.0138,-22.9763],[-43.0199,-22.9756],[-43.0234,-22.9753],[-43.0271,-22.9806],[-43.0299,-22.9781],[-43.0328,-22.9756],[-43.0407,-22.9761],[-43.044,-22.978],[-43.0515,-22.9822],[-43.0505,-22.9768],[-43.0481,-22.9745],[-43.0459,-22.9725],[-43.0539,-22.9628],[-43.0687,-22.9589],[-43.0721,-22.958],[-43.0744,-22.9573],[-43.0823,-22.9552],[-43.0941,-22.9546],[-43.0976,-22.9544],[-43.1024,-22.9541],[-43.1054,-22.954],[-43.1106,-22.9537],[-43.1122,-22.951],[-43.1152,-22.9461],[-43.1197,-22.9453],[-43.1179,-22.9378],[-43.1292,-22.9381],[-43.1353,-22.9383],[-43.1264,-22.9348],[-43.1257,-22.9312],[-43.1249,-22.9277],[-43.1228,-22.923],[-43.1189,-22.927],[-43.1149,-22.9314],[-43.1082,-22.9376],[-43.1036,-22.9359],[-43.1016,-22.9353],[-43.0984,-22.9307],[-43.095,-22.9259],[-43.0953,-22.9204],[-43.0955,-22.9161],[-43.1108,-22.9161],[-43.1168,-22.9052],[-43.117,-22.9052],[-43.124,-22.9059],[-43.1269,-22.9081],[-43.1305,-22.9112],[-43.1331,-22.9084],[-43.1351,-22.9055],[-43.1368,-22.9028],[-43.1344,-22.9007],[-43.1298,-22.8968],[-43.1242,-22.892],[-43.1267,-22.885],[-43.1311,-22.8839],[-43.1347,-22.8828],[-43.13,-22.8768],[-43.1224,-22.8777],[-43.1204,-22.8826],[-43.1161,-22.8812],[-43.114,-22.8805],[-43.1139,-22.8776],[-43.1135,-22.8759],[-43.1129,-22.8733],[-43.1116,-22.8677],[-43.1075,-22.8627],[-43.1065,-22.8617],[-43.1051,-22.8604],[-43.1024,-22.8572],[-43.1012,-22.854],[-43.0985,-22.8492],[-43.0979,-22.8482],[-43.0948,-22.8432],[-43.0932,-22.8401],[-43.0944,-22.838],[-43.0967,-22.8341],[-43.0954,-22.827],[-43.086,-22.8218],[-43.0801,-22.8186],[-43.0747,-22.8127],[-43.0657,-22.8023],[-43.0704,-22.801],[-43.0747,-22.7999],[-43.0748,-22.7999],[-43.0786,-22.7989],[-43.0793,-22.7953],[-43.0807,-22.7867],[-43.0697,-22.7791],[-43.0692,-22.7762],[-43.0679,-22.7686],[-43.0656,-22.7665],[-43.0623,-22.7635],[-43.0536,-22.759],[-43.05,-22.7572],[-43.0446,-22.7545],[-43.0422,-22.7533],[-43.0289,-22.7465],[-43.0271,-22.7431],[-43.0264,-22.7418],[-43.0303,-22.7331],[-43.0274,-22.7246],[-43.0345,-22.7161],[-43.0351,-22.7095],[-43.0321,-22.7057],[-43.0315,-22.705],[-43.0261,-22.7052],[-43.0352,-22.6981],[-43.0317,-22.692],[-43.0347,-22.6902],[-43.0376,-22.6884],[-43.0399,-22.6908],[-43.0437,-22.685],[-43.0502,-22.6888],[-43.0526,-22.6849],[-43.0545,-22.6815],[-43.0564,-22.6848],[-43.0654,-22.6863],[-43.0731,-22.6828],[-43.0818,-22.6788],[-43.0854,-22.6772],[-43.0898,-22.6821],[-43.0922,-22.685],[-43.0961,-22.6855],[-43.1024,-22.6863],[-43.1076,-22.687],[-43.107,-22.6932],[-43.1134,-22.6885],[-43.1117,-22.6934],[-43.1162,-22.6959],[-43.1165,-22.7005],[-43.1168,-22.7059],[-43.1198,-22.7084],[-43.1223,-22.7103],[-43.1269,-22.7138],[-43.1338,-22.7142],[-43.1417,-22.7075],[-43.1458,-22.7073],[-43.1518,-22.7071],[-43.164,-22.7102],[-43.1649,-22.7119],[-43.166,-22.7139],[-43.1813,-22.7202],[-43.1946,-22.7228],[-43.2068,-22.7253],[-43.2109,-22.7261],[-43.2118,-22.7263],[-43.215,-22.7269],[-43.2142,-22.7278],[-43.2119,-22.7302],[-43.2161,-22.7355],[-43.2268,-22.7393],[-43.2298,-22.7381],[-43.232,-22.7371],[-43.2355,-22.7352],[-43.2329,-22.7398],[-43.2391,-22.7408],[-43.2443,-22.7461],[-43.2433,-22.748],[-43.2424,-22.7498],[-43.2481,-22.7536],[-43.2528,-22.757],[-43.254,-22.7578],[-43.26,-22.7634],[-43.2624,-22.7651],[-43.2657,-22.7675],[-43.2682,-22.7693],[-43.2711,-22.7728],[-43.2729,-22.7761],[-43.2777,-22.7804],[-43.2768,-22.7852],[-43.2882,-22.8004],[-43.288,-22.8038],[-43.2874,-22.8082],[-43.2874,-22.8087],[-43.2829,-22.8158],[-43.2737,-22.8108],[-43.2751,-22.8184],[-43.2673,-22.8219],[-43.2648,-22.8249],[-43.2618,-22.8286],[-43.2548,-22.837],[-43.2436,-22.8439],[-43.2419,-22.8502],[-43.241,-22.8537],[-43.2379,-22.8616],[-43.2403,-22.8641],[-43.2423,-22.8683],[-43.2375,-22.8767],[-43.2331,-22.8733],[-43.2301,-22.8712],[-43.2257,-22.8752],[-43.2227,-22.8732],[-43.218,-22.8754],[-43.2138,-22.8726],[-43.2136,-22.8725],[-43.2089,-22.8685],[-43.2054,-22.872],[-43.2009,-22.8761],[-43.206,-22.8816],[-43.2109,-22.8869],[-43.2082,-22.8928],[-43.1959,-22.8897],[-43.1893,-22.8881],[-43.1787,-22.8919],[-43.1774,-22.8956],[-43.1715,-22.9012],[-43.1687,-22.9041],[-43.1617,-22.9042],[-43.1611,-22.9079],[-43.1606,-22.9121],[-43.1566,-22.9123],[-43.1605,-22.9169],[-43.1674,-22.9157],[-43.1685,-22.9155],[-43.1724,-22.9165],[-43.1702,-22.9195],[-43.1685,-22.9155],[-43.1671,-22.9207],[-43.1667,-22.9222],[-43.1669,-22.9228],[-43.1705,-22.932],[-43.1678,-22.9379],[-43.174,-22.9436],[-43.1793,-22.9436],[-43.1802,-22.9475],[-43.1775,-22.9486],[-43.1696,-22.9517],[-43.1659,-22.9476],[-43.1654,-22.9471],[-43.1621,-22.9433],[-43.1557,-22.9421],[-43.15,-22.95],[-43.1552,-22.9517],[-43.1638,-22.954],[-43.1594,-22.9571],[-43.1586,-22.9636],[-43.1645,-22.9635],[-43.1674,-22.9633],[-43.1768,-22.9691],[-43.1832,-22.973],[-43.1869,-22.9816],[-43.1849,-22.9829],[-43.181,-22.9856],[-43.1848,-22.9875],[-43.1907,-22.9904],[-43.2087,-22.9892],[-43.221,-22.9883],[-43.2322,-22.9947],[-43.2324,-22.9948],[-43.2432,-23.001],[-43.2575,-23.0012],[-43.2737,-23.0013],[-43.2767,-23.0029],[-43.2797,-23.0054],[-43.2831,-23.0074],[-43.2834,-23.0075],[-43.2866,-23.0096],[-43.2859,-23.016],[-43.2959,-23.016],[-43.2951,-23.0117],[-43.3021,-23.0147],[-43.3055,-23.0158],[-43.3107,-23.0153],[-43.3581,-23.0107],[-43.3648,-23.0116],[-43.431,-23.02],[-43.4373,-23.0208],[-43.4435,-23.0217],[-43.4559,-23.0258],[-43.4657,-23.0291],[-43.4666,-23.03],[-43.4707,-23.0338],[-43.4736,-23.032],[-43.4737,-23.0319],[-43.4779,-23.0325],[-43.4873,-23.0338],[-43.4937,-23.0347],[-43.498,-23.0373],[-43.5037,-23.0407],[-43.5056,-23.0419],[-43.5062,-23.0423],[-43.5084,-23.0475],[-43.5158,-23.0486],[-43.5247,-23.0498],[-43.5255,-23.05],[-43.5357,-23.0514],[-43.5364,-23.0539],[-43.5369,-23.0557],[-43.5444,-23.0596],[-43.549,-23.062],[-43.5506,-23.0662],[-43.5522,-23.0706],[-43.5495,-23.0729],[-43.5531,-23.0756],[-43.5549,-23.0729],[-43.5645,-23.0753],[-43.5674,-23.0746],[-43.5718,-23.0734],[-43.5681,-23.0711],[-43.5683,-23.0663],[-43.5675,-23.0633],[-43.5649,-23.0604],[-43.5612,-23.0563],[-43.5594,-23.0538],[-43.5568,-23.0503],[-43.5596,-23.0459],[-43.5627,-23.0458],[-43.5636,-23.0533],[-43.5685,-23.0523],[-43.5675,-23.0581],[-43.5675,-23.0591],[-43.5675,-23.0633],[-43.5724,-23.06],[-43.577,-23.0568],[-43.5861,-23.0544],[-43.5947,-23.0521],[-43.6017,-23.0523],[-43.6566,-23.0534],[-43.6681,-23.0535],[-43.6942,-23.0554],[-43.7114,-23.0556],[-43.7072,-23.0534],[-43.704,-23.0525],[-43.6823,-23.0466],[-43.6667,-23.0423],[-43.6367,-23.0361],[-43.623,-23.0332],[-43.6141,-23.0314],[-43.6054,-23.0345],[-43.6027,-23.0398],[-43.5726,-23.0502],[-43.58,-23.0405],[-43.5828,-23.0398],[-43.5863,-23.0362],[-43.5939,-23.0324],[-43.5965,-23.0282],[-43.5996,-23.0232],[-43.6126,-23.0164],[-43.6164,-23.0144],[-43.619,-23.0123],[-43.6252,-23.0072],[-43.6301,-23.0069],[-43.6391,-23.0064],[-43.6437,-23.0016],[-43.6474,-23.0021],[-43.648,-23.0022],[-43.6532,-23.003],[-43.6566,-22.998],[-43.6641,-22.9868],[-43.6771,-22.9806],[-43.6837,-22.9845],[-43.6869,-22.9864],[-43.6898,-22.9919],[-43.6954,-22.985],[-43.7005,-22.9857],[-43.713,-22.9698],[-43.7204,-22.9738],[-43.7198,-22.9708],[-43.719,-22.9666],[-43.721,-22.9643],[-43.7285,-22.9559],[-43.7395,-22.9494],[-43.7425,-22.9476],[-43.7495,-22.9435],[-43.75,-22.9432],[-43.7523,-22.9418],[-43.7598,-22.9374],[-43.7633,-22.9352],[-43.7633,-22.9305],[-43.7678,-22.9319],[-43.7769,-22.9245],[-43.7752,-22.9209],[-43.7839,-22.9232],[-43.7875,-22.9213],[-43.7941,-22.9175],[-43.805,-22.9142],[-43.808,-22.9155],[-43.8109,-22.9167],[-43.8155,-22.9183],[-43.815,-22.9126],[-43.8149,-22.912],[-43.822,-22.9106],[-43.821,-22.9144],[-43.8209,-22.9149],[-43.8201,-22.9178],[-43.8193,-22.9207],[-43.8226,-22.9226],[-43.8281,-22.9258],[-43.8328,-22.9284],[-43.8414,-22.9291],[-43.8438,-22.9255],[-43.8468,-22.925],[-43.8515,-22.9243],[-43.8502,-22.9203],[-43.8537,-22.918],[-43.8481,-22.9163],[-43.8469,-22.916],[-43.8395,-22.9137],[-43.8357,-22.9121],[-43.8325,-22.9078],[-43.8364,-22.9031],[-43.8475,-22.9022],[-43.8556,-22.9016],[-43.8673,-22.9042],[-43.871,-22.9047],[-43.8733,-22.9068],[-43.8767,-22.9093],[-43.8796,-22.9114],[-43.8843,-22.9215],[-43.888,-22.9217],[-43.8939,-22.922],[-43.9098,-22.9301],[-43.9134,-22.9302],[-43.9252,-22.9301],[-43.9408,-22.93],[-43.9506,-22.9266],[-43.9537,-22.9284],[-43.9561,-22.9297],[-43.9645,-22.9345],[-43.9702,-22.933],[-43.9719,-22.9325],[-43.9768,-22.9312],[-43.9835,-22.9332],[-43.9884,-22.9351],[-43.994,-22.9403],[-43.9944,-22.9407],[-43.9959,-22.9411],[-44.0001,-22.9421],[-44.0029,-22.9382],[-44.0057,-22.9417],[-44.0117,-22.9492],[-44.0118,-22.9494],[-44.0121,-22.9495],[-44.0171,-22.9528],[-44.0223,-22.956],[-44.0222,-22.9581],[-44.0218,-22.9622],[-44.0268,-22.9635],[-44.0289,-22.9639],[-44.0301,-22.9641],[-44.0304,-22.9651],[-44.0318,-22.9713],[-44.0341,-22.9811],[-44.0389,-22.9822],[-44.0466,-22.9839],[-44.0526,-22.9813],[-44.0553,-22.98],[-44.0476,-22.9703],[-44.0429,-22.9644],[-44.0416,-22.9627],[-44.0447,-22.9561],[-44.0393,-22.9502],[-44.0414,-22.9462],[-44.0429,-22.9437],[-44.0462,-22.9382],[-44.0496,-22.9404],[-44.0541,-22.9435],[-44.0624,-22.9486],[-44.0739,-22.951],[-44.0784,-22.9549],[-44.0831,-22.959],[-44.0799,-22.9606],[-44.081,-22.9656],[-44.0796,-22.9674],[-44.0752,-22.9728],[-44.0764,-22.9763],[-44.0794,-22.9853],[-44.0817,-22.9915],[-44.0861,-22.993],[-44.0877,-22.9935],[-44.0893,-22.994],[-44.0961,-22.9964],[-44.0963,-23.0042],[-44.0963,-23.0051],[-44.0995,-23.0088],[-44.1022,-23.0115],[-44.1049,-23.0142],[-44.1053,-23.0151],[-44.1097,-23.0229],[-44.1136,-23.0226],[-44.1224,-23.0266],[-44.1262,-23.0284],[-44.1284,-23.0292],[-44.1304,-23.0301],[-44.1355,-23.0324],[-44.1396,-23.0341],[-44.1439,-23.0347],[-44.1488,-23.0353],[-44.1499,-23.0369],[-44.1522,-23.0402],[-44.1537,-23.0377],[-44.1566,-23.0329],[-44.1656,-23.0322],[-44.1692,-23.0338],[-44.1763,-23.0371],[-44.1754,-23.0415],[-44.1743,-23.0418],[-44.1713,-23.0427],[-44.1729,-23.048],[-44.1789,-23.0497],[-44.1823,-23.045],[-44.183,-23.0478],[-44.1842,-23.0523],[-44.189,-23.0534],[-44.1937,-23.0544],[-44.1949,-23.0506],[-44.1939,-23.0463],[-44.1934,-23.0442],[-44.1929,-23.042],[-44.1998,-23.0383],[-44.2026,-23.0397],[-44.2154,-23.0459],[-44.2215,-23.0488],[-44.2276,-23.0518],[-44.2319,-23.0539],[-44.237,-23.0564],[-44.2436,-23.0539],[-44.2455,-23.0493],[-44.2502,-23.0499],[-44.2436,-23.0443],[-44.24,-23.0361],[-44.2383,-23.0321],[-44.2358,-23.0262],[-44.2317,-23.0235],[-44.229,-23.0218],[-44.2275,-23.0209],[-44.2214,-23.0171],[-44.2219,-23.0111],[-44.2289,-23.0127],[-44.2366,-23.0062],[-44.2423,-22.9999],[-44.2482,-23.0007],[-44.248,-22.9959],[-44.2525,-22.9999],[-44.2549,-23.0021],[-44.2567,-23.0035],[-44.2582,-23.0048],[-44.2608,-23.0066],[-44.2624,-23.0054],[-44.2668,-23.002],[-44.2738,-23.0064],[-44.2758,-23.0088],[-44.2767,-23.0101],[-44.2788,-23.0133],[-44.278,-23.0172],[-44.2834,-23.0141],[-44.2886,-23.0168],[-44.2893,-23.02],[-44.2901,-23.0239],[-44.2982,-23.0257],[-44.3056,-23.023],[-44.3031,-23.0179],[-44.3016,-23.0148],[-44.2991,-23.0097],[-44.2978,-23.0069],[-44.304,-23.0022],[-44.3071,-23.0066],[-44.3073,-23.0069],[-44.3132,-23.0076],[-44.3161,-23.0081],[-44.3161,-23.0138],[-44.3197,-23.0099],[-44.3221,-23.0147],[-44.3274,-23.0153],[-44.3264,-23.0208],[-44.332,-23.0202],[-44.3361,-23.025],[-44.3407,-23.0221],[-44.3448,-23.0256],[-44.3472,-23.0276],[-44.3503,-23.03],[-44.3503,-23.0223],[-44.3578,-23.0229],[-44.3579,-23.0194],[-44.3621,-23.0176],[-44.3605,-23.0127],[-44.3606,-23.0097],[-44.3566,-23.0073],[-44.3553,-23.0025],[-44.3542,-22.9984],[-44.3477,-22.9931],[-44.3447,-22.9907],[-44.3331,-22.9927],[-44.328,-22.9935],[-44.3284,-22.9874],[-44.3287,-22.9831],[-44.3233,-22.9822],[-44.3218,-22.9838],[-44.3203,-22.9854],[-44.316,-22.9832],[-44.3095,-22.9797],[-44.3119,-22.9728],[-44.3097,-22.9692],[-44.3054,-22.9631],[-44.3015,-22.9623],[-44.299,-22.9577],[-44.3017,-22.9562],[-44.306,-22.9572],[-44.3128,-22.9593],[-44.3184,-22.9561],[-44.319,-22.9563],[-44.3292,-22.9604],[-44.3321,-22.9665],[-44.3358,-22.9639],[-44.3363,-22.9606],[-44.3368,-22.9567],[-44.3328,-22.9543],[-44.3328,-22.9485],[-44.3328,-22.9453],[-44.3327,-22.945],[-44.3276,-22.9431],[-44.3224,-22.9415],[-44.3196,-22.9371],[-44.3253,-22.9361],[-44.3232,-22.9296],[-44.3256,-22.9273],[-44.3318,-22.9273],[-44.3392,-22.9218],[-44.3444,-22.9216],[-44.3473,-22.9217],[-44.3506,-22.9265],[-44.3529,-22.9296],[-44.3531,-22.9299],[-44.3538,-22.9289],[-44.3584,-22.9223],[-44.3636,-22.9234],[-44.3605,-22.9251],[-44.3629,-22.9273],[-44.366,-22.93],[-44.3599,-22.9314],[-44.3626,-22.9329],[-44.3655,-22.9345],[-44.3709,-22.9374],[-44.3696,-22.9445],[-44.3664,-22.947],[-44.3638,-22.94],[-44.3627,-22.9404],[-44.3568,-22.9427],[-44.3495,-22.9456],[-44.3521,-22.9486],[-44.3558,-22.9529],[-44.3587,-22.9562],[-44.3622,-22.9543],[-44.3668,-22.9595],[-44.3721,-22.9581],[-44.3735,-22.9664],[-44.3772,-22.9693],[-44.3802,-22.9662],[-44.3836,-22.9718],[-44.3867,-22.9689],[-44.3836,-22.9654],[-44.3781,-22.9592],[-44.3825,-22.9563],[-44.3887,-22.9522],[-44.3899,-22.9514],[-44.3921,-22.95],[-44.3948,-22.9504],[-44.3961,-22.9506],[-44.4017,-22.9515],[-44.4072,-22.9521],[-44.4074,-22.9516],[-44.4118,-22.9414],[-44.4134,-22.9456],[-44.4224,-22.9502],[-44.4223,-22.9531],[-44.4222,-22.958],[-44.4222,-22.9589],[-44.4231,-22.9584],[-44.4261,-22.9564],[-44.4258,-22.9596],[-44.4256,-22.9618],[-44.428,-22.9621],[-44.4332,-22.9626],[-44.4345,-22.9677],[-44.4355,-22.9724],[-44.431,-22.9771],[-44.4302,-22.9779],[-44.4313,-22.9782],[-44.4344,-22.9793],[-44.4346,-22.9842],[-44.4347,-22.9872],[-44.4404,-22.9911],[-44.4381,-22.9954],[-44.4354,-22.9946],[-44.4292,-22.9929],[-44.4252,-22.9976],[-44.4326,-23.0004],[-44.4381,-23.0024],[-44.4391,-23.0036],[-44.4429,-23.008],[-44.4459,-23.0115],[-44.4437,-23.0146],[-44.4398,-23.0204],[-44.4346,-23.0203],[-44.4307,-23.0203],[-44.4389,-23.0243],[-44.4446,-23.0269],[-44.4489,-23.0213],[-44.4526,-23.0163],[-44.4597,-23.0182],[-44.4588,-23.0134],[-44.4583,-23.0109],[-44.4626,-23.0057],[-44.4678,-23.0059],[-44.4688,-23.0099],[-44.469,-23.0107],[-44.472,-23.0088],[-44.4759,-23.0064],[-44.4832,-23.0081],[-44.4853,-23.0121],[-44.4871,-23.016],[-44.4891,-23.0202],[-44.4944,-23.0235],[-44.4992,-23.0265],[-44.5047,-23.0297],[-44.511,-23.0265],[-44.5194,-23.0266],[-44.5294,-23.0276],[-44.5503,-23.0375],[-44.555,-23.038],[-44.5576,-23.0383],[-44.5599,-23.0386],[-44.5628,-23.0416],[-44.5639,-23.0427],[-44.5681,-23.0471],[-44.5758,-23.0479],[-44.5776,-23.0534],[-44.5844,-23.0574],[-44.5883,-23.0597],[-44.594,-23.0615],[-44.599,-23.0631],[-44.5945,-23.0574],[-44.5905,-23.0524],[-44.5912,-23.0491],[-44.592,-23.0485],[-44.5963,-23.0454],[-44.6015,-23.0473],[-44.6082,-23.0497],[-44.6113,-23.048],[-44.6139,-23.0508],[-44.6136,-23.0454],[-44.6176,-23.0431],[-44.6312,-23.0489],[-44.6368,-23.0516],[-44.638,-23.0523],[-44.6382,-23.0517],[-44.639,-23.0479],[-44.645,-23.0465],[-44.6473,-23.0503],[-44.6482,-23.0519],[-44.6506,-23.0562],[-44.6534,-23.0542],[-44.6562,-23.0521],[-44.6609,-23.0565],[-44.6676,-23.0536],[-44.67,-23.0557],[-44.6779,-23.0636],[-44.6762,-23.0703],[-44.683,-23.071],[-44.6875,-23.0772],[-44.6857,-23.0803],[-44.6903,-23.0826],[-44.6889,-23.0866],[-44.6873,-23.0905],[-44.6927,-23.0933],[-44.6945,-23.0983],[-44.6959,-23.1023],[-44.6977,-23.116],[-44.6977,-23.1204],[-44.6942,-23.1227],[-44.6878,-23.1268],[-44.6918,-23.1312],[-44.6953,-23.1317],[-44.6987,-23.1322],[-44.6975,-23.1435],[-44.6963,-23.1442],[-44.6928,-23.1462],[-44.6952,-23.1499],[-44.6968,-23.1524],[-44.697,-23.1525],[-44.6989,-23.1547],[-44.7049,-23.1555],[-44.7062,-23.163],[-44.7067,-23.1666],[-44.7031,-23.1676],[-44.7021,-23.1679],[-44.6986,-23.1689],[-44.6984,-23.1742],[-44.7041,-23.1754],[-44.707,-23.1759],[-44.7097,-23.1764],[-44.7118,-23.1822],[-44.7171,-23.1848],[-44.7147,-23.1885],[-44.7146,-23.1886],[-44.7139,-23.1939],[-44.7146,-23.1938],[-44.7178,-23.1936],[-44.7212,-23.2015],[-44.7137,-23.2114],[-44.7105,-23.2112],[-44.709,-23.216],[-44.7078,-23.2197],[-44.7123,-23.2216],[-44.7091,-23.2256],[-44.7122,-23.2334],[-44.7077,-23.233],[-44.7011,-23.2325],[-44.6964,-23.232],[-44.6898,-23.2219],[-44.684,-23.2234],[-44.6771,-23.2191],[-44.6757,-23.2183],[-44.6731,-23.2146],[-44.6771,-23.2122],[-44.6711,-23.2106],[-44.6687,-23.2056],[-44.666,-23.2091],[-44.6633,-23.206],[-44.6586,-23.2071],[-44.6566,-23.2021],[-44.6508,-23.1876],[-44.6464,-23.1863],[-44.6429,-23.1853],[-44.6432,-23.1899],[-44.6433,-23.1916],[-44.6434,-23.1957],[-44.6399,-23.1958],[-44.6262,-23.1963],[-44.6263,-23.2017],[-44.6226,-23.2027],[-44.6167,-23.2043],[-44.6265,-23.2127],[-44.6266,-23.2128],[-44.6241,-23.2211],[-44.6278,-23.2239],[-44.6328,-23.2222],[-44.6339,-23.2172],[-44.6372,-23.218],[-44.6406,-23.2187],[-44.6364,-23.2107],[-44.6401,-23.2135],[-44.643,-23.2156],[-44.6452,-23.2173],[-44.651,-23.2216],[-44.6527,-23.2173],[-44.6562,-23.2161],[-44.657,-23.2159],[-44.6624,-23.2143],[-44.661,-23.2173],[-44.6608,-23.2178],[-44.6581,-23.2228],[-44.6549,-23.2271],[-44.6581,-23.2293],[-44.6613,-23.2315],[-44.6665,-23.2349],[-44.6698,-23.2326],[-44.6726,-23.2306],[-44.6782,-23.2382],[-44.6749,-23.2392],[-44.671,-23.2403],[-44.6772,-23.2423],[-44.6816,-23.24],[-44.684,-23.2421],[-44.6793,-23.2467],[-44.6921,-23.2527],[-44.6866,-23.2525],[-44.6787,-23.2522],[-44.6745,-23.2488],[-44.6721,-23.2468],[-44.669,-23.2443],[-44.6691,-23.2492],[-44.6632,-23.2478],[-44.6582,-23.2392],[-44.6509,-23.2352],[-44.6447,-23.2352],[-44.6375,-23.2355],[-44.6324,-23.2394],[-44.6132,-23.2341],[-44.6245,-23.2451],[-44.6293,-23.2542],[-44.6336,-23.2622],[-44.6353,-23.2655],[-44.6371,-23.2688],[-44.6389,-23.2723],[-44.6411,-23.2764],[-44.6484,-23.2839],[-44.653,-23.2886],[-44.6569,-23.2926],[-44.6554,-23.2953],[-44.6491,-23.2975],[-44.6454,-23.2987],[-44.6399,-23.3005],[-44.6425,-23.2954],[-44.6455,-23.2904],[-44.6413,-23.2873],[-44.6378,-23.2898],[-44.6311,-23.283],[-44.6268,-23.2733],[-44.6255,-23.2703],[-44.6203,-23.2584],[-44.6091,-23.2516],[-44.6059,-23.2496],[-44.6032,-23.248],[-44.5966,-23.2439],[-44.5986,-23.2372],[-44.5963,-23.2346],[-44.5884,-23.2343],[-44.5741,-23.2338],[-44.5649,-23.2294],[-44.5599,-23.2271],[-44.5606,-23.2318],[-44.5667,-23.237],[-44.5704,-23.2401],[-44.5744,-23.2436],[-44.5758,-23.2447],[-44.5755,-23.2478],[-44.5755,-23.2482],[-44.5749,-23.2535],[-44.5775,-23.2572],[-44.5805,-23.2615],[-44.5838,-23.2663],[-44.5794,-23.2711],[-44.5752,-23.2691],[-44.5656,-23.2718],[-44.559,-23.2737],[-44.5509,-23.2713],[-44.5489,-23.2744],[-44.5457,-23.2726],[-44.5418,-23.2704],[-44.5365,-23.2675],[-44.5325,-23.2704],[-44.525,-23.2758],[-44.5224,-23.2777],[-44.5185,-23.2805],[-44.5198,-23.2843],[-44.5149,-23.2862],[-44.5127,-23.2929]],[[-43.3598,-22.9933],[-43.351,-22.9934],[-43.3442,-22.9944],[-43.3312,-22.9953],[-43.3238,-22.9958],[-43.3221,-23.0003],[-43.313,-23.0018],[-43.3107,-23.006],[-43.3067,-23.0073],[-43.3015,-23.009],[-43.3058,-23.0007],[-43.3154,-22.997],[-43.321,-22.9952],[-43.3233,-22.9902],[-43.331,-22.9898],[-43.334,-22.9896],[-43.3424,-22.9818],[-43.3476,-22.9798],[-43.3503,-22.9788],[-43.3555,-22.9767],[-43.3635,-22.9736],[-43.376,-22.9756],[-43.3798,-22.9745],[-43.3826,-22.9736],[-43.3939,-22.9832],[-43.397,-22.9805],[-43.4035,-22.9748],[-43.4056,-22.9794],[-43.4084,-22.9824],[-43.4125,-22.9854],[-43.4124,-22.9892],[-43.4072,-22.992],[-43.3902,-22.9881],[-43.3889,-22.9931],[-43.3855,-22.9894],[-43.3873,-22.9826],[-43.3844,-22.9805],[-43.3808,-22.9779],[-43.3769,-22.9783],[-43.3728,-22.9788],[-43.3649,-22.9795],[-43.353,-22.9811],[-43.3488,-22.9836],[-43.3533,-22.9854],[-43.3496,-22.9873],[-43.3466,-22.9918],[-43.351,-22.9934],[-43.3576,-22.9897],[-43.3598,-22.9933]]],[[[-44.2332,-23.0894],[-44.2093,-23.0924],[-44.2099,-23.0985],[-44.1956,-23.0983],[-44.1942,-23.1043],[-44.1998,-23.1086],[-44.205,-23.1041],[-44.2167,-23.105],[-44.2161,-23.1079],[-44.2159,-23.1093],[-44.2118,-23.1104],[-44.2084,-23.1111],[-44.2081,-23.1105],[-44.2064,-23.1078],[-44.2048,-23.1116],[-44.2013,-23.1195],[-44.197,-23.1218],[-44.1902,-23.1203],[-44.1867,-23.1196],[-44.1851,-23.1192],[-44.1811,-23.1184],[-44.1757,-23.1172],[-44.1694,-23.1185],[-44.1712,-23.1246],[-44.1717,-23.1264],[-44.1723,-23.1286],[-44.1701,-23.1376],[-44.167,-23.1399],[-44.1646,-23.1416],[-44.156,-23.1386],[-44.1578,-23.1351],[-44.1517,-23.1342],[-44.15,-23.1307],[-44.1481,-23.1266],[-44.1472,-23.1248],[-44.1271,-23.1196],[-44.1245,-23.1237],[-44.1282,-23.1273],[-44.1332,-23.1322],[-44.1401,-23.1389],[-44.1383,-23.145],[-44.1334,-23.1457],[-44.1367,-23.1503],[-44.1406,-23.1563],[-44.1381,-23.1597],[-44.1325,-23.157],[-44.1278,-23.1547],[-44.1276,-23.1546],[-44.1238,-23.1527],[-44.1194,-23.1506],[-44.1147,-23.1483],[-44.1168,-23.1542],[-44.1131,-23.1583],[-44.1075,-23.1643],[-44.0915,-23.1664],[-44.093,-23.1701],[-44.095,-23.1747],[-44.1023,-23.1768],[-44.1086,-23.1784],[-44.1128,-23.1819],[-44.1174,-23.1858],[-44.1212,-23.1863],[-44.1318,-23.1873],[-44.1272,-23.1818],[-44.1235,-23.1775],[-44.1271,-23.1732],[-44.1294,-23.1703],[-44.1328,-23.1691],[-44.1358,-23.1682],[-44.1374,-23.1677],[-44.1523,-23.1703],[-44.1556,-23.1709],[-44.1589,-23.1715],[-44.162,-23.1749],[-44.1637,-23.1768],[-44.1641,-23.1773],[-44.1662,-23.1796],[-44.1683,-23.1819],[-44.1707,-23.1846],[-44.174,-23.1824],[-44.1752,-23.1816],[-44.1778,-23.1798],[-44.1858,-23.1805],[-44.1877,-23.184],[-44.1896,-23.1885],[-44.1864,-23.1897],[-44.1827,-23.191],[-44.1825,-23.1949],[-44.1925,-23.2011],[-44.1966,-23.2036],[-44.1973,-23.1974],[-44.2035,-23.1941],[-44.2071,-23.1922],[-44.2172,-23.194],[-44.2202,-23.1945],[-44.2273,-23.1961],[-44.2287,-23.1973],[-44.2319,-23.1998],[-44.2357,-23.1998],[-44.2387,-23.1998],[-44.2444,-23.1997],[-44.2483,-23.2024],[-44.2513,-23.2045],[-44.2586,-23.2023],[-44.2526,-23.1973],[-44.2555,-23.1909],[-44.2563,-23.1891],[-44.2585,-23.1902],[-44.2632,-23.1925],[-44.2671,-23.1945],[-44.2715,-23.1967],[-44.2684,-23.191],[-44.267,-23.1882],[-44.2665,-23.1872],[-44.2708,-23.1825],[-44.2734,-23.1796],[-44.2789,-23.1781],[-44.2854,-23.1773],[-44.2903,-23.1781],[-44.3021,-23.1776],[-44.3177,-23.1858],[-44.316,-23.1886],[-44.3155,-23.1895],[-44.328,-23.2058],[-44.3315,-23.2106],[-44.3323,-23.2158],[-44.3335,-23.223],[-44.3488,-23.2261],[-44.3402,-23.2181],[-44.3458,-23.217],[-44.351,-23.2146],[-44.3505,-23.21],[-44.3496,-23.2051],[-44.347,-23.2011],[-44.3446,-23.1975],[-44.3423,-23.194],[-44.34,-23.1906],[-44.3409,-23.1845],[-44.3416,-23.1814],[-44.3455,-23.1802],[-44.3515,-23.1853],[-44.3532,-23.1868],[-44.3577,-23.1906],[-44.3604,-23.1829],[-44.362,-23.1781],[-44.3666,-23.1798],[-44.3704,-23.1812],[-44.3732,-23.1821],[-44.3772,-23.1771],[-44.3773,-23.1718],[-44.3706,-23.166],[-44.368,-23.164],[-44.3616,-23.1648],[-44.3577,-23.1618],[-44.3543,-23.159],[-44.3489,-23.1605],[-44.3464,-23.1584],[-44.3398,-23.1532],[-44.3351,-23.1536],[-44.3268,-23.1544],[-44.3226,-23.1476],[-44.3204,-23.1439],[-44.3211,-23.1431],[-44.324,-23.1399],[-44.3204,-23.1372],[-44.3169,-23.135],[-44.3127,-23.1373],[-44.3122,-23.1377],[-44.3124,-23.1371],[-44.3137,-23.1327],[-44.3101,-23.1248],[-44.3011,-23.1183],[-44.2986,-23.1165],[-44.2952,-23.1141],[-44.2963,-23.1259],[-44.2968,-23.1317],[-44.291,-23.1316],[-44.29,-23.1368],[-44.2844,-23.1361],[-44.2828,-23.1325],[-44.2814,-23.1294],[-44.2789,-23.125],[-44.2728,-23.1225],[-44.2752,-23.117],[-44.2595,-23.1159],[-44.2574,-23.1119],[-44.2529,-23.1103],[-44.2495,-23.1093],[-44.251,-23.1009],[-44.2511,-23.0998],[-44.2591,-23.0993],[-44.2506,-23.0967],[-44.2424,-23.0942],[-44.2373,-23.0926],[-44.2371,-23.0885],[-44.237,-23.0852],[-44.233,-23.0856],[-44.2332,-23.0894]]],[[[-43.8279,-23.0573],[-43.8201,-23.0581],[-43.8164,-23.0585],[-43.8046,-23.0596],[-43.7936,-23.0608],[-43.778,-23.0605],[-43.8105,-23.0655],[-43.8183,-23.0665],[-43.8588,-23.0717],[-43.9554,-23.0875],[-43.9701,-23.0943],[-43.9789,-23.0984],[-43.9826,-23.1001],[-43.9864,-23.1018],[-43.9958,-23.1005],[-43.9978,-23.0963],[-44.0034,-23.0942],[-44.008,-23.0926],[-44.0082,-23.0886],[-44.0079,-23.0816],[-44.0121,-23.0778],[-44.0063,-23.0708],[-43.9997,-23.0721],[-43.9933,-23.0674],[-43.9907,-23.0568],[-43.9877,-23.0577],[-43.9843,-23.0588],[-43.9816,-23.0555],[-43.9786,-23.0515],[-43.9739,-23.0451],[-43.966,-23.0428],[-43.9627,-23.0419],[-43.9588,-23.0408],[-43.9548,-23.0396],[-43.9487,-23.0485],[-43.9344,-23.0554],[-43.9315,-23.0568],[-43.9252,-23.0572],[-43.9188,-23.0575],[-43.9185,-23.0577],[-43.8996,-23.0672],[-43.8988,-23.0676],[-43.8948,-23.0675],[-43.8887,-23.0672],[-43.8847,-23.067],[-43.8801,-23.0629],[-43.8778,-23.0608],[-43.8777,-23.0575],[-43.8776,-23.0513],[-43.8775,-23.0473],[-43.8806,-23.0414],[-43.8882,-23.0377],[-43.9025,-23.0308],[-43.9071,-23.0261],[-43.8966,-23.0303],[-43.8933,-23.0316],[-43.8642,-23.0441],[-43.8576,-23.0465],[-43.8378,-23.0537],[-43.834,-23.0551],[-43.8279,-23.0573]]],[[[-43.1825,-22.781],[-43.1783,-22.782],[-43.1747,-22.7769],[-43.1721,-22.7759],[-43.1709,-22.7824],[-43.1684,-22.7798],[-43.1655,-22.7767],[-43.1571,-22.7782],[-43.1569,-22.7822],[-43.1567,-22.7863],[-43.1669,-22.7917],[-43.1714,-22.7953],[-43.175,-22.7981],[-43.1812,-22.8031],[-43.1775,-22.8061],[-43.1769,-22.8094],[-43.1755,-22.817],[-43.175,-22.8197],[-43.1705,-22.8209],[-43.1642,-22.8225],[-43.1678,-22.8264],[-43.1698,-22.8286],[-43.1721,-22.8303],[-43.1757,-22.824],[-43.1757,-22.8238],[-43.1772,-22.8253],[-43.1848,-22.8331],[-43.1868,-22.8288],[-43.1892,-22.8236],[-43.1905,-22.8208],[-43.2038,-22.8194],[-43.2094,-22.8148],[-43.2155,-22.8166],[-43.2188,-22.8177],[-43.2215,-22.8185],[-43.2264,-22.82],[-43.2302,-22.8232],[-43.2326,-22.8252],[-43.243,-22.8323],[-43.2485,-22.8291],[-43.2467,-22.825],[-43.2531,-22.8217],[-43.2582,-22.8189],[-43.2606,-22.8156],[-43.2636,-22.8102],[-43.263,-22.8094],[-43.2615,-22.8072],[-43.2591,-22.8039],[-43.2547,-22.806],[-43.2511,-22.8077],[-43.2438,-22.807],[-43.2433,-22.8001],[-43.2414,-22.7984],[-43.2355,-22.793],[-43.2295,-22.7875],[-43.2289,-22.7827],[-43.2178,-22.7852],[-43.2142,-22.7884],[-43.208,-22.7941],[-43.1914,-22.7959],[-43.1884,-22.794],[-43.1891,-22.7882],[-43.1893,-22.7866],[-43.1861,-22.7838],[-43.1825,-22.781]]],[[[-43.9134,-22.939],[-43.9126,-22.9369],[-43.9117,-22.9344],[-43.9074,-22.9324],[-43.904,-22.9309],[-43.9013,-22.9297],[-43.8971,-22.9315],[-43.8934,-22.9331],[-43.892,-22.9282],[-43.8862,-22.9305],[-43.8843,-22.9271],[-43.8819,-22.9239],[-43.8799,-22.9241],[-43.8769,-22.9245],[-43.8677,-22.9256],[-43.8777,-22.9404],[-43.8749,-22.9414],[-43.8763,-22.9459],[-43.8729,-22.9469],[-43.8796,-22.9502],[-43.884,-22.9476],[-43.8878,-22.9508],[-43.891,-22.9535],[-43.8963,-22.9578],[-43.9055,-22.9578],[-43.9095,-22.9554],[-43.9076,-22.9515],[-43.9055,-22.9472],[-43.9085,-22.9447],[-43.9121,-22.942],[-43.9134,-22.939]]],[[[-43.2379,-22.8616],[-43.2352,-22.8571],[-43.2378,-22.8505],[-43.2405,-22.8437],[-43.2412,-22.8408],[-43.2426,-22.8371],[-43.2348,-22.839],[-43.229,-22.8365],[-43.226,-22.8381],[-43.2233,-22.8396],[-43.2233,-22.8439],[-43.226,-22.8412],[-43.2273,-22.842],[-43.2322,-22.845],[-43.2309,-22.8504],[-43.2303,-22.851],[-43.2262,-22.855],[-43.2232,-22.8579],[-43.2191,-22.859],[-43.2177,-22.8626],[-43.2141,-22.8662],[-43.2156,-22.87],[-43.2162,-22.8699],[-43.2206,-22.8693],[-43.2219,-22.8654],[-43.2309,-22.8658],[-43.233,-22.8618],[-43.2379,-22.8616]]],[[[-43.9293,-23.0067],[-43.934,-23.0147],[-43.9369,-23.0045],[-43.9367,-22.9978],[-43.9313,-22.9953],[-43.9277,-22.9889],[-43.92,-22.9873],[-43.9169,-22.9933],[-43.9255,-23.0],[-43.9293,-23.0067]]],[[[-44.5882,-23.2062],[-44.5838,-23.2037],[-44.5859,-23.209],[-44.5881,-23.211],[-44.5991,-23.2168],[-44.6026,-23.2226],[-44.6131,-23.2237],[-44.6186,-23.2227],[-44.6193,-23.2226],[-44.6188,-23.2223],[-44.6044,-23.2152],[-44.5937,-23.2022],[-44.5882,-23.2062]]],[[[-44.0459,-22.9996],[-44.0393,-22.9975],[-44.0345,-22.9959],[-44.0308,-23.0039],[-44.0295,-23.0069],[-44.0377,-23.0107],[-44.0424,-23.0059],[-44.0471,-23.0107],[-44.0492,-23.0083],[-44.0521,-23.0047],[-44.0492,-23.0007],[-44.0459,-22.9996]]],[[[-44.6874,-23.1642],[-44.6918,-23.1694],[-44.695,-23.1603],[-44.6941,-23.156],[-44.6895,-23.154],[-44.6836,-23.1516],[-44.6817,-23.1572],[-44.6874,-23.1642]]],[[[-41.6983,-22.4101],[-41.6949,-22.4167],[-41.7022,-22.4163],[-41.7054,-22.4104],[-41.7054,-22.4072],[-41.6971,-22.4029],[-41.6936,-22.4073],[-41.6983,-22.4101]]],[[[-44.5127,-23.2929],[-44.5052,-23.2914],[-44.5024,-23.2964],[-44.5093,-23.3014],[-44.5127,-23.2929]]],[[[-43.1105,-22.7615],[-43.1086,-22.7585],[-43.1047,-22.7623],[-43.1028,-22.7647],[-43.1084,-22.7693],[-43.1128,-22.7673],[-43.1105,-22.7615]]],[[[-43.1086,-22.7585],[-43.1118,-22.7533],[-43.1083,-22.7477],[-43.1044,-22.7484],[-43.1029,-22.7527],[-43.105,-22.7552],[-43.1086,-22.7585]]],[[[-43.1774,-22.8956],[-43.1746,-22.8928],[-43.167,-22.895],[-43.1717,-22.8977],[-43.1774,-22.8956]]],[[[-44.6447,-23.0738],[-44.6423,-23.0679],[-44.64,-23.0697],[-44.6356,-23.068],[-44.6416,-23.0745],[-44.6447,-23.0738]]],[[[-43.8612,-22.9524],[-43.8602,-22.9496],[-43.8559,-22.9498],[-43.858,-22.9545],[-43.8634,-22.9553],[-43.8612,-22.9524]]],[[[-41.6868,-22.4017],[-41.6904,-22.4023],[-41.6912,-22.3987],[-41.6857,-22.3966],[-41.6868,-22.4017]]],[[[-44.5838,-23.2037],[-44.5837,-23.2005],[-44.5805,-23.1985],[-44.5791,-23.203],[-44.5838,-23.2037]]],[[[-44.5763,-23.186],[-44.5731,-23.1835],[-44.5728,-23.1889],[-44.5764,-23.1898],[-44.5763,-23.186]]],[[[-43.91,-22.983],[-43.9129,-22.983],[-43.9143,-22.9798],[-43.9081,-22.9794],[-43.91,-22.983]]],[[[-44.6463,-23.2268],[-44.6397,-23.2282],[-44.649,-23.2306],[-44.6463,-23.2268]]],[[[-41.8866,-22.7769],[-41.8838,-22.7801],[-41.8824,-22.7827],[-41.8818,-22.7839],[-41.8837,-22.7842],[-41.885,-22.7843],[-41.8866,-22.7769]]],[[[-44.1292,-23.0354],[-44.1237,-23.0396],[-44.1288,-23.0408],[-44.1292,-23.0354]]],[[[-43.9201,-22.9416],[-43.9134,-22.939],[-43.9161,-22.9421],[-43.9204,-22.9445],[-43.9201,-22.9416]]],[[[-43.5144,-23.0653],[-43.5114,-23.0607],[-43.5084,-23.0645],[-43.5144,-23.0653]]],[[[-43.1482,-23.0599],[-43.1422,-23.0654],[-43.1467,-23.0651],[-43.1482,-23.0599]]],[[[-44.6397,-23.2282],[-44.6365,-23.2238],[-44.6336,-23.2253],[-44.6397,-23.2282]]],[[[-43.9437,-23.0233],[-43.947,-23.0239],[-43.9437,-23.0196],[-43.9437,-23.0233]]],[[[-44.6928,-23.2154],[-44.6894,-23.2144],[-44.6908,-23.218],[-44.6928,-23.2154]]],[[[-43.9538,-23.005],[-43.9502,-23.0057],[-43.9517,-23.0082],[-43.9538,-23.005]]],[[[-43.2079,-23.0405],[-43.2063,-23.038],[-43.2022,-23.0374],[-43.2079,-23.0405]]],[[[-44.6724,-23.0994],[-44.6719,-23.0962],[-44.6691,-23.0977],[-44.6724,-23.0994]]],[[[-43.9537,-23.025],[-43.9527,-23.0221],[-43.9507,-23.0249],[-43.9537,-23.025]]],[[[-43.8612,-22.9469],[-43.8602,-22.9496],[-43.8632,-22.9493],[-43.8612,-22.9469]]],[[[-44.6751,-23.1111],[-44.6724,-23.1119],[-44.6747,-23.114],[-44.6751,-23.1111]]]]},"properties":{"uf":"RJ"}},{"type":"Feature","geometry":{"type":"MultiPolygon","coordinates":[[[[-46.1377,-23.8589],[-46.1333,-23.8569],[-46.133,-23.8569],[-46.1283,-23.8566],[-46.1241,-23.8594],[-46.1295,-23.8627],[-46.135,-23.8663],[-46.1395,-23.8744],[-46.1391,-23.8791],[-46.1387,-23.8827],[-46.1381,-23.8908],[-46.1409,-23.892],[-46.1462,-23.8943],[-46.1514,-23.8966],[-46.1509,-23.9013],[-46.1499,-23.9059],[-46.1558,-23.9082],[-46.1603,-23.9058],[-46.1611,-23.9065],[-46.1687,-23.9137],[-46.1793,-23.9239],[-46.1776,-23.9384],[-46.1729,-23.9406],[-46.1707,-23.9389],[-46.1679,-23.9368],[-46.166,-23.9443],[-46.1695,-23.9519],[-46.1717,-23.9562],[-46.1777,-23.9591],[-46.1798,-23.9601],[-46.1826,-23.9614],[-46.1868,-23.9719],[-46.1868,-23.9723],[-46.1853,-23.9864],[-46.1814,-23.99],[-46.1891,-23.9891],[-46.1995,-23.9944],[-46.2029,-23.9998],[-46.2068,-23.9978],[-46.2049,-23.9951],[-46.2019,-23.9911],[-46.2021,-23.9909],[-46.2114,-23.9852],[-46.2441,-23.9909],[-46.2572,-23.9989],[-46.2633,-24.0026],[-46.267,-24.008],[-46.2658,-24.0099],[-46.2632,-24.0138],[-46.268,-24.0121],[-46.2682,-24.0122],[-46.2737,-24.0152],[-46.278,-24.0213],[-46.2787,-24.0223],[-46.2784,-24.027],[-46.2776,-24.0362],[-46.2803,-24.0387],[-46.287,-24.044],[-46.289,-24.039],[-46.287,-24.034],[-46.2842,-24.027],[-46.2837,-24.0258],[-46.2864,-24.0246],[-46.2912,-24.0228],[-46.2944,-24.0161],[-46.3041,-24.0194],[-46.3081,-24.024],[-46.3112,-24.0275],[-46.3113,-24.0232],[-46.3114,-24.0209],[-46.3156,-24.0199],[-46.3168,-24.0219],[-46.3182,-24.0238],[-46.3237,-24.0217],[-46.3231,-24.0167],[-46.3222,-24.0086],[-46.3216,-24.0028],[-46.3211,-23.9988],[-46.3147,-23.9962],[-46.3145,-23.9962],[-46.3078,-23.9934],[-46.305,-23.9923],[-46.3126,-23.9807],[-46.313,-23.9804],[-46.3183,-23.977],[-46.3247,-23.9728],[-46.3368,-23.9702],[-46.345,-23.9685],[-46.3452,-23.9684],[-46.3486,-23.969],[-46.3543,-23.9699],[-46.3585,-23.9704],[-46.3672,-23.9713],[-46.3699,-23.974],[-46.369,-23.9776],[-46.3683,-23.9806],[-46.3716,-23.9793],[-46.3722,-23.979],[-46.3732,-23.9741],[-46.3742,-23.9687],[-46.3842,-23.9699],[-46.3859,-23.9723],[-46.3879,-23.9751],[-46.3805,-23.9757],[-46.3765,-23.9826],[-46.3746,-23.9858],[-46.3791,-23.9923],[-46.3852,-23.9941],[-46.392,-23.996],[-46.3901,-24.0008],[-46.389,-24.0036],[-46.3916,-24.0099],[-46.3909,-24.0106],[-46.3832,-24.0172],[-46.3895,-24.0161],[-46.3898,-24.0226],[-46.3989,-24.0331],[-46.4015,-24.0317],[-46.3997,-24.021],[-46.3991,-24.0178],[-46.4019,-24.0171],[-46.4166,-24.0133],[-46.4232,-24.015],[-46.4233,-24.015],[-46.4299,-24.0167],[-46.4548,-24.0233],[-46.4582,-24.0246],[-46.4616,-24.0259],[-46.4978,-24.0399],[-46.6048,-24.0892],[-46.7092,-24.1434],[-46.7595,-24.1712],[-46.7835,-24.1844],[-46.7862,-24.1859],[-46.7888,-24.1874],[-46.7893,-24.1877],[-46.7964,-24.1933],[-46.7991,-24.1954],[-46.8053,-24.2003],[-46.8087,-24.2013],[-46.8114,-24.2021],[-46.8162,-24.2034],[-46.823,-24.2054],[-46.858,-24.2277],[-46.8806,-24.242],[-46.8872,-24.2462],[-46.8937,-24.2504],[-46.9151,-24.264],[-46.9404,-24.28],[-46.9846,-24.3164],[-46.9923,-24.3227],[-47.0002,-24.3293],[-47.003,-24.3356],[-47.0021,-24.342],[-47.0012,-24.348],[-47.001,-24.3493],[-47.0002,-24.3546],[-47.0054,-24.3653],[-47.0084,-24.3676],[-47.0108,-24.3694],[-47.0182,-24.3754],[-47.0161,-24.3863],[-47.0132,-24.3867],[-47.0086,-24.3874],[-47.0089,-24.3951],[-47.0009,-24.3968],[-47.0057,-24.4014],[-47.0032,-24.4088],[-47.0088,-24.4084],[-47.0092,-24.4136],[-47.0143,-24.4109],[-47.0166,-24.4119],[-47.0188,-24.413],[-47.0199,-24.4162],[-47.0216,-24.4217],[-47.0287,-24.4258],[-47.0473,-24.429],[-47.0775,-24.4428],[-47.0823,-24.4476],[-47.0866,-24.4518],[-47.0914,-24.4565],[-47.1151,-24.4716],[-47.1263,-24.4787],[-47.1375,-24.4858],[-47.1515,-24.4966],[-47.1544,-24.4989],[-47.1574,-24.5012],[-47.1779,-24.5171],[-47.1863,-24.5242],[-47.1865,-24.5265],[-47.1867,-24.53],[-47.1869,-24.5331],[-47.1915,-24.5348],[-47.1964,-24.5365],[-47.1998,-24.5378],[-47.2006,-24.5381],[-47.2129,-24.5472],[-47.2184,-24.5513],[-47.2276,-24.5582],[-47.2267,-24.5602],[-47.2246,-24.5649],[-47.2263,-24.5693],[-47.2322,-24.5708],[-47.2356,-24.5716],[-47.2406,-24.5729],[-47.2445,-24.5739],[-47.2505,-24.5754],[-47.2842,-24.5955],[-47.2875,-24.5974],[-47.2903,-24.599],[-47.2942,-24.6013],[-47.2971,-24.6031],[-47.2993,-24.6044],[-47.308,-24.6096],[-47.3605,-24.6408],[-47.3914,-24.6591],[-47.3967,-24.6622],[-47.3972,-24.6622],[-47.4031,-24.6622],[-47.4021,-24.6649],[-47.4012,-24.6675],[-47.4317,-24.6839],[-47.4405,-24.6965],[-47.4416,-24.698],[-47.46,-24.7048],[-47.4843,-24.7137],[-47.4873,-24.7148],[-47.5316,-24.7381],[-47.5368,-24.7414],[-47.5447,-24.7464],[-47.5479,-24.7484],[-47.5505,-24.75],[-47.5607,-24.7565],[-47.5823,-24.7702],[-47.6163,-24.7917],[-47.6189,-24.7936],[-47.6234,-24.797],[-47.6236,-24.7972],[-47.6267,-24.7995],[-47.6316,-24.8032],[-47.6486,-24.8159],[-47.6518,-24.8183],[-47.6522,-24.8185],[-47.6545,-24.8204],[-47.6727,-24.8347],[-47.6753,-24.8367],[-47.7039,-24.8592],[-47.7495,-24.8951],[-47.7718,-24.9126],[-47.8098,-24.9463],[-47.8415,-24.9745],[-47.8665,-25.0041],[-47.8731,-25.0119],[-47.8746,-25.0146],[-47.8748,-25.015],[-47.8805,-25.026],[-47.8842,-25.0329],[-47.8852,-25.0386],[-47.8857,-25.0417],[-47.8877,-25.0532],[-47.8983,-25.053],[-47.9009,-25.053],[-47.9095,-25.0529],[-47.9093,-25.0626],[-47.9021,-25.0803],[-47.9005,-25.0817],[-47.897,-25.0847],[-47.895,-25.0918],[-47.8979,-25.0968],[-47.8956,-25.1028],[-47.8943,-25.1064],[-47.8966,-25.1083],[-47.9048,-25.1151],[-47.9079,-25.1177],[-47.9184,-25.1452],[-47.9185,-25.153],[-47.9161,-25.1543],[-47.9153,-25.1548],[-47.9125,-25.158],[-47.9167,-25.1595],[-47.9181,-25.1599],[-47.9203,-25.1605],[-47.9267,-25.1621],[-47.9328,-25.1663],[-47.9428,-25.1731],[-47.9484,-25.1781],[-47.954,-25.1832],[-47.9699,-25.1976],[-47.971,-25.1986],[-47.971,-25.1986],[-47.9721,-25.1996],[-47.9911,-25.214],[-48.0001,-25.2208],[-48.0035,-25.2233],[-48.0075,-25.2263],[-48.0286,-25.2423],[-48.0425,-25.256],[-48.044,-25.2575],[-48.0508,-25.2643],[-48.0641,-25.2774],[-48.0957,-25.3086],[-48.0985,-25.3109],[-48.0984,-25.3065],[-48.0982,-25.3035],[-48.0979,-25.2992],[-48.0858,-25.2851],[-48.0714,-25.2725],[-48.0534,-25.2568],[-48.0373,-25.2429],[-48.0306,-25.237],[-48.0231,-25.2305],[-48.0245,-25.2294],[-48.027,-25.2276],[-48.0295,-25.2257],[-48.0276,-25.2213],[-48.0352,-25.2189],[-48.0412,-25.2198],[-48.0441,-25.2232],[-48.0466,-25.2261],[-48.0491,-25.2242],[-48.0535,-25.2206],[-48.0569,-25.2179],[-48.0576,-25.2213],[-48.059,-25.229],[-48.0565,-25.2326],[-48.0588,-25.2357],[-48.0616,-25.2395],[-48.0657,-25.2398],[-48.0752,-25.2405],[-48.0817,-25.2427],[-48.0847,-25.2404],[-48.0854,-25.2399],[-48.0895,-25.2405],[-48.0947,-25.2414],[-48.0951,-25.2415],[-48.1006,-25.2424],[-48.1071,-25.2459],[-48.1144,-25.2502],[-48.1508,-25.2276],[-48.1569,-25.2173],[-48.1617,-25.2092],[-48.1667,-25.2083],[-48.1778,-25.2062],[-48.1867,-25.1984],[-48.1929,-25.1894],[-48.1779,-25.1816],[-48.1751,-25.1779],[-48.1672,-25.1674],[-48.1679,-25.1594],[-48.1682,-25.156],[-48.1664,-25.1554],[-48.1617,-25.1537],[-48.1564,-25.1441],[-48.1665,-25.1433],[-48.1763,-25.1366],[-48.1812,-25.1333],[-48.1812,-25.1294],[-48.1812,-25.1287],[-48.1839,-25.1254],[-48.1941,-25.113],[-48.1942,-25.1087],[-48.1942,-25.1075],[-48.1959,-25.1056],[-48.1992,-25.1019],[-48.2117,-25.0849],[-48.2099,-25.0804],[-48.2097,-25.0797],[-48.2106,-25.0792],[-48.2156,-25.0762],[-48.2116,-25.0587],[-48.2151,-25.0422],[-48.2142,-25.0412],[-48.2098,-25.0358],[-48.2091,-25.0282],[-48.2145,-25.0292],[-48.2203,-25.0261],[-48.2311,-25.0203],[-48.2315,-25.0149],[-48.2262,-25.0111],[-48.2229,-25.0086],[-48.2277,-25.0075],[-48.2321,-25.0064],[-48.2298,-25.0022],[-48.229,-25.0008],[-48.2305,-25.0003],[-48.2327,-24.9995],[-48.2353,-24.9986],[-48.2402,-24.9915],[-48.2453,-24.9889],[-48.2512,-24.9782],[-48.2586,-24.9866],[-48.2544,-24.996],[-48.2594,-24.9972],[-48.2629,-24.9923],[-48.2691,-24.997],[-48.2771,-25.0155],[-48.2773,-25.0194],[-48.2778,-25.0326],[-48.2846,-25.0349],[-48.2899,-25.0274],[-48.2923,-25.0239],[-48.2989,-25.0239],[-48.3004,-25.0308],[-48.3134,-25.0444],[-48.3147,-25.0483],[-48.3173,-25.056],[-48.3332,-25.0701],[-48.3332,-25.0571],[-48.3255,-25.0544],[-48.3239,-25.0539],[-48.3237,-25.0362],[-48.332,-25.0356],[-48.3364,-25.0391],[-48.3366,-25.0392],[-48.3375,-25.0376],[-48.3386,-25.0355],[-48.3389,-25.0355],[-48.3507,-25.036],[-48.35,-25.0278],[-48.3526,-25.0227],[-48.3543,-25.0195],[-48.3706,-25.0073],[-48.3772,-25.0024],[-48.3775,-25.0013],[-48.3794,-24.9954],[-48.3943,-24.9905],[-48.4106,-24.9796],[-48.4166,-24.9889],[-48.4176,-24.989],[-48.4297,-24.9905],[-48.4344,-24.991],[-48.4736,-25.012],[-48.4837,-25.0401],[-48.4828,-25.0527],[-48.4903,-25.0527],[-48.4911,-25.0527],[-48.4979,-25.0586],[-48.5041,-25.0695],[-48.5119,-25.0833],[-48.5164,-25.0844],[-48.5208,-25.0854],[-48.5211,-25.086],[-48.5281,-25.1003],[-48.5348,-25.0985],[-48.5422,-25.0934],[-48.5548,-25.0845],[-48.5559,-25.0838],[-48.5594,-25.0775],[-48.5594,-25.0748],[-48.5592,-25.0602],[-48.5657,-25.0561],[-48.5686,-25.0507],[-48.5715,-25.0508],[-48.5822,-25.0511],[-48.5812,-25.0368],[-48.5811,-25.0343],[-48.5843,-25.0322],[-48.5891,-25.0292],[-48.5889,-25.0257],[-48.5884,-25.0192],[-48.5885,-25.0192],[-48.598,-25.0186],[-48.5975,-25.0028],[-48.5946,-24.9956],[-48.5888,-24.9943],[-48.5883,-24.9899],[-48.5879,-24.9859],[-48.5837,-24.9852],[-48.577,-24.9841],[-48.567,-24.9717],[-48.5675,-24.9595],[-48.5702,-24.9566],[-48.5722,-24.9544],[-48.5683,-24.9526],[-48.5627,-24.9499],[-48.5689,-24.9433],[-48.5624,-24.9389],[-48.5698,-24.9306],[-48.5693,-24.9206],[-48.566,-24.9163],[-48.5667,-24.9034],[-48.5669,-24.9033],[-48.5724,-24.9024],[-48.5716,-24.8945],[-48.5632,-24.8944],[-48.5625,-24.8955],[-48.5588,-24.9007],[-48.5558,-24.8926],[-48.559,-24.8887],[-48.5579,-24.8841],[-48.5548,-24.8827],[-48.5486,-24.8793],[-48.5464,-24.8733],[-48.5492,-24.867],[-48.5529,-24.8664],[-48.5566,-24.8656],[-48.5662,-24.8635],[-48.564,-24.8557],[-48.5673,-24.847],[-48.5618,-24.8279],[-48.5576,-24.8249],[-48.5553,-24.8233],[-48.5577,-24.8214],[-48.5587,-24.8206],[-48.5553,-24.8057],[-48.538,-24.7899],[-48.5339,-24.7873],[-48.5298,-24.7846],[-48.5163,-24.7796],[-48.5162,-24.7719],[-48.5162,-24.7681],[-48.5116,-24.7635],[-48.511,-24.7635],[-48.5061,-24.7634],[-48.5072,-24.7519],[-48.5019,-24.7442],[-48.5035,-24.7396],[-48.4988,-24.7385],[-48.5046,-24.7344],[-48.51,-24.7391],[-48.511,-24.7401],[-48.522,-24.7356],[-48.5284,-24.7385],[-48.5313,-24.7363],[-48.5287,-24.7312],[-48.5287,-24.7311],[-48.5317,-24.7298],[-48.532,-24.7296],[-48.5381,-24.7269],[-48.5431,-24.7247],[-48.5438,-24.7194],[-48.5441,-24.7175],[-48.5466,-24.717],[-48.551,-24.7162],[-48.5513,-24.713],[-48.5516,-24.7095],[-48.555,-24.7098],[-48.5596,-24.7102],[-48.5687,-24.7003],[-48.568,-24.6961],[-48.5678,-24.6951],[-48.5731,-24.6901],[-48.5785,-24.685],[-48.5789,-24.6834],[-48.5814,-24.6711],[-48.5866,-24.6774],[-48.5888,-24.68],[-48.5955,-24.6742],[-48.6017,-24.6687],[-48.609,-24.6693],[-48.6116,-24.6695],[-48.6128,-24.6696],[-48.6161,-24.6682],[-48.6228,-24.6749],[-48.6277,-24.68],[-48.6302,-24.6786],[-48.6331,-24.6769],[-48.6448,-24.681],[-48.6436,-24.6838],[-48.6412,-24.6892],[-48.6577,-24.6916],[-48.6608,-24.706],[-48.6745,-24.7013],[-48.6767,-24.6979],[-48.671,-24.6982],[-48.6766,-24.692],[-48.6761,-24.6916],[-48.6716,-24.6868],[-48.6745,-24.6836],[-48.671,-24.6788],[-48.6765,-24.6711],[-48.6878,-24.6687],[-48.6936,-24.6702],[-48.6878,-24.677],[-48.6895,-24.6901],[-48.6899,-24.6929],[-48.6933,-24.6896],[-48.7033,-24.6801],[-48.7268,-24.6858],[-48.7296,-24.6865],[-48.7318,-24.6852],[-48.7341,-24.684],[-48.7365,-24.6861],[-48.7441,-24.6926],[-48.7533,-24.6937],[-48.7531,-24.6892],[-48.7526,-24.6819],[-48.7568,-24.6794],[-48.7652,-24.6903],[-48.7686,-24.6948],[-48.7782,-24.6962],[-48.7877,-24.6807],[-48.7992,-24.6749],[-48.8109,-24.6732],[-48.8187,-24.6596],[-48.8203,-24.6568],[-48.8243,-24.6559],[-48.8283,-24.6551],[-48.8327,-24.6587],[-48.8399,-24.6645],[-48.8434,-24.6621],[-48.8528,-24.6557],[-48.858,-24.6572],[-48.8528,-24.6651],[-48.8483,-24.6719],[-48.851,-24.6741],[-48.8649,-24.6668],[-48.8783,-24.6679],[-48.9016,-24.6698],[-48.9052,-24.6709],[-48.912,-24.6729],[-48.9108,-24.6785],[-48.9148,-24.6824],[-48.9219,-24.6747],[-48.9323,-24.6741],[-48.9451,-24.6734],[-48.9481,-24.6761],[-48.958,-24.6848],[-48.9627,-24.6731],[-48.9628,-24.6727],[-48.9635,-24.6726],[-48.9744,-24.6712],[-48.9761,-24.666],[-48.9764,-24.6653],[-48.9776,-24.6652],[-48.9876,-24.6648],[-48.9891,-24.6591],[-48.9896,-24.6571],[-48.995,-24.656],[-48.9964,-24.6558],[-49.0093,-24.6577],[-49.0083,-24.6533],[-49.0049,-24.6386],[-48.9998,-24.6362],[-49.0042,-24.6339],[-49.0179,-24.6421],[-49.0329,-24.634],[-49.0418,-24.64],[-49.0394,-24.6434],[-49.0324,-24.6414],[-49.034,-24.649],[-49.0341,-24.6496],[-49.039,-24.6529],[-49.0369,-24.6599],[-49.045,-24.6656],[-49.0508,-24.679],[-49.0553,-24.6821],[-49.0697,-24.6835],[-49.0725,-24.6782],[-49.0753,-24.6727],[-49.0827,-24.6717],[-49.0868,-24.6791],[-49.0872,-24.6798],[-49.0966,-24.6813],[-49.0978,-24.6799],[-49.1016,-24.6752],[-49.1085,-24.6761],[-49.1095,-24.6809],[-49.1111,-24.6878],[-49.1245,-24.6824],[-49.1288,-24.6807],[-49.1346,-24.675],[-49.1569,-24.6715],[-49.1633,-24.6734],[-49.1694,-24.6751],[-49.1704,-24.6744],[-49.1744,-24.6716],[-49.1852,-24.6722],[-49.1942,-24.6828],[-49.2045,-24.6855],[-49.2044,-24.6938],[-49.2044,-24.6959],[-49.2061,-24.6978],[-49.2084,-24.7003],[-49.2402,-24.698],[-49.2563,-24.6953],[-49.2623,-24.6914],[-49.2755,-24.6931],[-49.2939,-24.6742],[-49.3048,-24.6721],[-49.3047,-24.6684],[-49.3114,-24.6631],[-49.3036,-24.6576],[-49.2991,-24.6545],[-49.3012,-24.6494],[-49.3061,-24.6469],[-49.3093,-24.6453],[-49.3065,-24.6429],[-49.3059,-24.6424],[-49.3066,-24.6421],[-49.3159,-24.6385],[-49.3084,-24.6245],[-49.3066,-24.6212],[-49.3089,-24.619],[-49.3142,-24.6138],[-49.3126,-24.6042],[-49.3106,-24.6025],[-49.3033,-24.5963],[-49.3115,-24.5906],[-49.316,-24.5875],[-49.3119,-24.5856],[-49.3119,-24.5856],[-49.3106,-24.5805],[-49.3127,-24.5758],[-49.3172,-24.5661],[-49.3141,-24.5619],[-49.3155,-24.555],[-49.3093,-24.5529],[-49.3051,-24.5459],[-49.3005,-24.5482],[-49.2921,-24.5525],[-49.2918,-24.5438],[-49.2809,-24.5367],[-49.2874,-24.5263],[-49.2866,-24.5136],[-49.2908,-24.5072],[-49.295,-24.5009],[-49.2797,-24.4955],[-49.2691,-24.4918],[-49.2702,-24.4855],[-49.2707,-24.4829],[-49.2634,-24.4739],[-49.2591,-24.4726],[-49.2467,-24.4687],[-49.248,-24.4642],[-49.2448,-24.4646],[-49.2448,-24.4579],[-49.2474,-24.4571],[-49.2492,-24.4565],[-49.253,-24.4552],[-49.2518,-24.451],[-49.25,-24.4449],[-49.2522,-24.4336],[-49.2402,-24.4215],[-49.239,-24.419],[-49.2355,-24.4117],[-49.235,-24.4105],[-49.2353,-24.4096],[-49.2362,-24.4072],[-49.2373,-24.4042],[-49.2426,-24.4019],[-49.2497,-24.4134],[-49.2534,-24.4073],[-49.2519,-24.4035],[-49.2409,-24.3846],[-49.2244,-24.3647],[-49.2003,-24.344],[-49.2054,-24.3377],[-49.2154,-24.3388],[-49.2238,-24.3397],[-49.2307,-24.3299],[-49.2484,-24.33],[-49.2499,-24.3189],[-49.254,-24.3178],[-49.2691,-24.3068],[-49.283,-24.3075],[-49.2895,-24.2949],[-49.2883,-24.2913],[-49.2883,-24.2913],[-49.2883,-24.2913],[-49.2982,-24.2873],[-49.2947,-24.2849],[-49.3007,-24.2758],[-49.2994,-24.2713],[-49.2982,-24.2676],[-49.3021,-24.2586],[-49.3066,-24.2583],[-49.3082,-24.2582],[-49.3075,-24.2566],[-49.3049,-24.2509],[-49.3122,-24.2429],[-49.3173,-24.2432],[-49.3191,-24.2433],[-49.3208,-24.239],[-49.3216,-24.237],[-49.3234,-24.2359],[-49.3502,-24.2203],[-49.3554,-24.2115],[-49.3477,-24.2067],[-49.3411,-24.2026],[-49.3446,-24.1937],[-49.3457,-24.191],[-49.3394,-24.1744],[-49.3399,-24.1567],[-49.3379,-24.1549],[-49.332,-24.1496],[-49.3363,-24.1444],[-49.3368,-24.1372],[-49.341,-24.1378],[-49.3616,-24.1268],[-49.3623,-24.1192],[-49.3683,-24.1161],[-49.3704,-24.1139],[-49.377,-24.1172],[-49.3775,-24.1172],[-49.3817,-24.1167],[-49.3867,-24.1157],[-49.3888,-24.1189],[-49.3931,-24.1145],[-49.4086,-24.1078],[-49.4045,-24.1031],[-49.4054,-24.1014],[-49.4073,-24.0974],[-49.4044,-24.0954],[-49.4172,-24.0911],[-49.4298,-24.0869],[-49.4289,-24.0806],[-49.4285,-24.0775],[-49.434,-24.075],[-49.4347,-24.0747],[-49.4345,-24.0744],[-49.4293,-24.0682],[-49.4385,-24.0683],[-49.4374,-24.0583],[-49.4481,-24.0556],[-49.4504,-24.055],[-49.453,-24.0527],[-49.4624,-24.0374],[-49.4624,-24.0374],[-49.463,-24.0269],[-49.4722,-24.0268],[-49.4733,-24.0268],[-49.4734,-24.0256],[-49.4739,-24.0196],[-49.479,-24.019],[-49.4792,-24.0194],[-49.4811,-24.0235],[-49.4867,-24.0241],[-49.4897,-24.0182],[-49.4857,-24.0161],[-49.4909,-24.014],[-49.4843,-24.0119],[-49.483,-24.0114],[-49.4801,-24.0057],[-49.4858,-24.0061],[-49.4859,-23.9999],[-49.4917,-23.993],[-49.492,-23.993],[-49.4975,-23.9933],[-49.4954,-23.9853],[-49.4932,-23.9771],[-49.5031,-23.9681],[-49.5039,-23.9684],[-49.5103,-23.9715],[-49.5157,-23.9695],[-49.5132,-23.964],[-49.5072,-23.9617],[-49.4994,-23.9588],[-49.505,-23.9543],[-49.5029,-23.9481],[-49.5134,-23.9439],[-49.5142,-23.9441],[-49.5206,-23.9456],[-49.524,-23.9347],[-49.5174,-23.936],[-49.5117,-23.9372],[-49.5076,-23.9332],[-49.5139,-23.9305],[-49.5111,-23.9254],[-49.5138,-23.9233],[-49.5225,-23.9165],[-49.5302,-23.922],[-49.5315,-23.9286],[-49.5354,-23.9278],[-49.5459,-23.9226],[-49.5552,-23.9223],[-49.5565,-23.9222],[-49.5561,-23.9209],[-49.554,-23.9148],[-49.5618,-23.9122],[-49.5627,-23.9118],[-49.5649,-23.9074],[-49.5687,-23.8996],[-49.5705,-23.8987],[-49.5766,-23.8957],[-49.5757,-23.8908],[-49.5731,-23.8775],[-49.5817,-23.8851],[-49.5856,-23.8885],[-49.5918,-23.8758],[-49.5929,-23.8734],[-49.5975,-23.8706],[-49.5975,-23.8706],[-49.602,-23.8678],[-49.5992,-23.8566],[-49.6102,-23.8512],[-49.6076,-23.8481],[-49.5999,-23.8487],[-49.5981,-23.8488],[-49.595,-23.8463],[-49.6006,-23.843],[-49.603,-23.8416],[-49.6075,-23.8389],[-49.5981,-23.8364],[-49.5953,-23.8377],[-49.5866,-23.8416],[-49.5921,-23.8365],[-49.5921,-23.8357],[-49.5925,-23.8298],[-49.5867,-23.8267],[-49.5779,-23.8266],[-49.5753,-23.8266],[-49.5619,-23.8181],[-49.5596,-23.8114],[-49.5604,-23.8086],[-49.5626,-23.8014],[-49.5611,-23.7936],[-49.5605,-23.7904],[-49.5653,-23.7803],[-49.5696,-23.7781],[-49.566,-23.7773],[-49.5633,-23.7637],[-49.5602,-23.7609],[-49.5715,-23.7546],[-49.5635,-23.7494],[-49.5669,-23.74],[-49.5636,-23.7317],[-49.5603,-23.7334],[-49.5519,-23.7377],[-49.5486,-23.736],[-49.5541,-23.7228],[-49.554,-23.7209],[-49.5494,-23.7032],[-49.5548,-23.7008],[-49.5568,-23.6907],[-49.56,-23.6914],[-49.5608,-23.6916],[-49.5609,-23.6905],[-49.5613,-23.685],[-49.5648,-23.6864],[-49.5676,-23.6875],[-49.5754,-23.6799],[-49.5744,-23.6761],[-49.5742,-23.6754],[-49.5748,-23.6757],[-49.5792,-23.6778],[-49.5826,-23.6698],[-49.5819,-23.6678],[-49.5807,-23.664],[-49.5852,-23.6633],[-49.585,-23.6583],[-49.592,-23.6554],[-49.6014,-23.6515],[-49.6029,-23.6431],[-49.6108,-23.6408],[-49.6166,-23.6391],[-49.6085,-23.634],[-49.6078,-23.6336],[-49.6058,-23.6245],[-49.6118,-23.6231],[-49.6132,-23.6228],[-49.6134,-23.6178],[-49.6137,-23.614],[-49.6148,-23.6135],[-49.6176,-23.6121],[-49.6206,-23.6066],[-49.619,-23.6017],[-49.6159,-23.5911],[-49.6099,-23.5874],[-49.6015,-23.5822],[-49.6007,-23.5747],[-49.6031,-23.5712],[-49.6075,-23.5647],[-49.6021,-23.5577],[-49.5987,-23.5532],[-49.6022,-23.5468],[-49.6046,-23.5421],[-49.6022,-23.5386],[-49.5997,-23.5351],[-49.6118,-23.5289],[-49.6237,-23.5228],[-49.6253,-23.5194],[-49.6287,-23.5117],[-49.6212,-23.5055],[-49.6189,-23.5062],[-49.6141,-23.5077],[-49.617,-23.5014],[-49.6209,-23.4928],[-49.6135,-23.4865],[-49.6144,-23.4717],[-49.6068,-23.4758],[-49.6028,-23.4779],[-49.6013,-23.4775],[-49.5981,-23.4767],[-49.6021,-23.4701],[-49.5998,-23.4615],[-49.5987,-23.4573],[-49.6026,-23.4509],[-49.5952,-23.4399],[-49.5896,-23.4353],[-49.5871,-23.4355],[-49.5791,-23.4361],[-49.5725,-23.4434],[-49.5685,-23.4398],[-49.5712,-23.4345],[-49.5666,-23.4267],[-49.5803,-23.4311],[-49.5798,-23.4146],[-49.5891,-23.4152],[-49.5932,-23.4063],[-49.5941,-23.4064],[-49.6032,-23.4073],[-49.6038,-23.4019],[-49.6018,-23.4007],[-49.5982,-23.399],[-49.6049,-23.3939],[-49.6189,-23.3965],[-49.6204,-23.3898],[-49.6052,-23.3843],[-49.6028,-23.3834],[-49.5911,-23.3881],[-49.5899,-23.3823],[-49.5954,-23.3747],[-49.5948,-23.3664],[-49.6117,-23.3542],[-49.6247,-23.3553],[-49.6329,-23.3559],[-49.6334,-23.3552],[-49.6371,-23.3492],[-49.6357,-23.3393],[-49.629,-23.3433],[-49.6257,-23.3382],[-49.6212,-23.3314],[-49.6228,-23.318],[-49.626,-23.3125],[-49.6309,-23.3039],[-49.6253,-23.2861],[-49.6278,-23.2809],[-49.6396,-23.2558],[-49.6466,-23.2512],[-49.6454,-23.2441],[-49.6446,-23.2396],[-49.6477,-23.2379],[-49.6492,-23.2371],[-49.6541,-23.2273],[-49.6534,-23.2114],[-49.6744,-23.1779],[-49.6746,-23.1779],[-49.6828,-23.1731],[-49.6805,-23.1691],[-49.6778,-23.1646],[-49.6843,-23.1643],[-49.6978,-23.1636],[-49.7031,-23.1578],[-49.7009,-23.1525],[-49.7093,-23.1563],[-49.716,-23.1479],[-49.73,-23.141],[-49.7344,-23.1324],[-49.7303,-23.1221],[-49.7259,-23.1111],[-49.7266,-23.1079],[-49.7409,-23.0988],[-49.7423,-23.0989],[-49.7509,-23.0973],[-49.757,-23.1014],[-49.7625,-23.1051],[-49.7779,-23.1009],[-49.7899,-23.1018],[-49.7946,-23.0948],[-49.7951,-23.0941],[-49.7959,-23.0941],[-49.8061,-23.0938],[-49.8086,-23.088],[-49.8094,-23.0861],[-49.8122,-23.0795],[-49.8149,-23.0783],[-49.8191,-23.0764],[-49.8196,-23.0763],[-49.8265,-23.0744],[-49.8332,-23.0655],[-49.8496,-23.0726],[-49.8501,-23.0728],[-49.8669,-23.0712],[-49.8711,-23.0693],[-49.8751,-23.0654],[-49.8812,-23.0596],[-49.8824,-23.0612],[-49.8849,-23.0644],[-49.8962,-23.0554],[-49.9111,-23.0506],[-49.9135,-23.0433],[-49.9159,-23.036],[-49.909,-23.0137],[-49.9039,-23.0097],[-49.9017,-23.008],[-49.8996,-23.0041],[-49.901,-22.9987],[-49.9303,-22.9825],[-49.9541,-22.9779],[-49.9647,-22.9663],[-49.9717,-22.9587],[-49.9736,-22.9543],[-49.9659,-22.9458],[-49.9631,-22.9372],[-49.9609,-22.9304],[-49.9628,-22.9232],[-49.9646,-22.916],[-49.9857,-22.897],[-49.9973,-22.901],[-49.9936,-22.913],[-49.9902,-22.9239],[-49.9958,-22.929],[-50.0052,-22.9269],[-50.017,-22.9104],[-50.0242,-22.9094],[-50.0242,-22.9094],[-50.0313,-22.9085],[-50.0461,-22.902],[-50.0516,-22.907],[-50.067,-22.927],[-50.0711,-22.9276],[-50.0803,-22.9213],[-50.0804,-22.9213],[-50.0942,-22.9235],[-50.1019,-22.9294],[-50.113,-22.9378],[-50.133,-22.9393],[-50.1398,-22.9376],[-50.151,-22.9347],[-50.1581,-22.9405],[-50.1653,-22.9463],[-50.1828,-22.9533],[-50.1964,-22.9526],[-50.2034,-22.9523],[-50.2074,-22.9508],[-50.2164,-22.9474],[-50.2236,-22.9496],[-50.2337,-22.9528],[-50.2382,-22.9526],[-50.2412,-22.9506],[-50.2427,-22.9469],[-50.2461,-22.938],[-50.2677,-22.932],[-50.2703,-22.9312],[-50.2729,-22.9305],[-50.2888,-22.937],[-50.2999,-22.9374],[-50.3044,-22.9439],[-50.3057,-22.9457],[-50.31,-22.9473],[-50.318,-22.9502],[-50.3375,-22.9478],[-50.3397,-22.9476],[-50.3449,-22.9342],[-50.3586,-22.922],[-50.3581,-22.9166],[-50.3686,-22.9107],[-50.3799,-22.9044],[-50.3876,-22.9055],[-50.3953,-22.9066],[-50.4164,-22.9128],[-50.4185,-22.915],[-50.4186,-22.9255],[-50.4186,-22.9339],[-50.4275,-22.9445],[-50.446,-22.941],[-50.4535,-22.9428],[-50.4609,-22.9445],[-50.4705,-22.9417],[-50.4872,-22.9369],[-50.4938,-22.9403],[-50.5044,-22.9458],[-50.5124,-22.9428],[-50.52,-22.94],[-50.5264,-22.9344],[-50.5284,-22.9242],[-50.5295,-22.9186],[-50.5409,-22.9116],[-50.5444,-22.9115],[-50.5539,-22.9112],[-50.5765,-22.9035],[-50.6084,-22.9233],[-50.6123,-22.9194],[-50.62,-22.9116],[-50.6367,-22.9063],[-50.6483,-22.8966],[-50.6618,-22.8952],[-50.6755,-22.9],[-50.7093,-22.953],[-50.7293,-22.962],[-50.7411,-22.9609],[-50.7463,-22.955],[-50.7498,-22.951],[-50.7582,-22.9472],[-50.7775,-22.9458],[-50.7888,-22.9482],[-50.7958,-22.9496],[-50.8025,-22.9429],[-50.8056,-22.9398],[-50.7928,-22.9052],[-50.7926,-22.9046],[-50.7925,-22.8939],[-50.796,-22.8898],[-50.8042,-22.8855],[-50.8165,-22.8791],[-50.8223,-22.8673],[-50.8233,-22.8653],[-50.824,-22.8647],[-50.8257,-22.8634],[-50.8327,-22.8578],[-50.8419,-22.8309],[-50.8904,-22.7953],[-50.9186,-22.7954],[-50.9263,-22.7988],[-50.9391,-22.8044],[-50.9446,-22.8036],[-50.9611,-22.7857],[-50.9763,-22.7833],[-50.9781,-22.7831],[-50.9941,-22.7917],[-51.0036,-22.7922],[-51.0571,-22.7656],[-51.1131,-22.7604],[-51.1544,-22.7524],[-51.1621,-22.747],[-51.1747,-22.7382],[-51.1755,-22.7376],[-51.1865,-22.7294],[-51.2116,-22.7237],[-51.2348,-22.7082],[-51.2407,-22.6965],[-51.2466,-22.6847],[-51.2633,-22.6686],[-51.2809,-22.666],[-51.2834,-22.6668],[-51.2961,-22.6709],[-51.3058,-22.6739],[-51.3215,-22.6699],[-51.3328,-22.667],[-51.3732,-22.6577],[-51.3825,-22.6624],[-51.386,-22.665],[-51.387,-22.6651],[-51.4014,-22.6674],[-51.4242,-22.653],[-51.4458,-22.6528],[-51.4714,-22.6766],[-51.4984,-22.69],[-51.5167,-22.6895],[-51.5252,-22.6863],[-51.5478,-22.692],[-51.5534,-22.6943],[-51.5591,-22.6967],[-51.5895,-22.6852],[-51.6153,-22.6621],[-51.6198,-22.6607],[-51.6281,-22.658],[-51.6588,-22.6569],[-51.6618,-22.6568],[-51.6712,-22.6585],[-51.6806,-22.6603],[-51.6815,-22.6607],[-51.6987,-22.6689],[-51.7102,-22.6687],[-51.7177,-22.6685],[-51.7254,-22.6609],[-51.7309,-22.6397],[-51.7347,-22.6249],[-51.7434,-22.6234],[-51.7468,-22.6228],[-51.7493,-22.6204],[-51.7528,-22.6173],[-51.7729,-22.6141],[-51.8466,-22.6317],[-51.8553,-22.631],[-51.8689,-22.6285],[-51.873,-22.6278],[-51.8851,-22.6164],[-51.8891,-22.6127],[-51.8922,-22.6098],[-51.9012,-22.6015],[-51.94,-22.5669],[-51.9502,-22.5649],[-51.9604,-22.563],[-51.9977,-22.5451],[-52.0286,-22.5394],[-52.0334,-22.5392],[-52.0403,-22.5389],[-52.0476,-22.5386],[-52.0505,-22.5383],[-52.0556,-22.5383],[-52.0642,-22.5338],[-52.0848,-22.5231],[-52.0891,-22.5208],[-52.0981,-22.5185],[-52.0981,-22.5185],[-52.1071,-22.5162],[-52.1102,-22.5166],[-52.1252,-22.5188],[-52.1349,-22.5274],[-52.1483,-22.5488],[-52.1501,-22.5587],[-52.1519,-22.5687],[-52.1562,-22.5823],[-52.1609,-22.5973],[-52.1611,-22.6014],[-52.1614,-22.6054],[-52.1562,-22.6442],[-52.1811,-22.653],[-52.1967,-22.6584],[-52.2106,-22.6675],[-52.2186,-22.6728],[-52.223,-22.6738],[-52.2277,-22.6648],[-52.2287,-22.6537],[-52.23,-22.6375],[-52.2396,-22.6194],[-52.2499,-22.6149],[-52.2782,-22.6199],[-52.2898,-22.627],[-52.2995,-22.633],[-52.3043,-22.636],[-52.3692,-22.6285],[-52.4209,-22.6109],[-52.4339,-22.6072],[-52.4348,-22.6069],[-52.4357,-22.607],[-52.4464,-22.6084],[-52.4582,-22.6123],[-52.4834,-22.6266],[-52.4896,-22.6302],[-52.4962,-22.6319],[-52.5028,-22.6336],[-52.5204,-22.6213],[-52.523,-22.6194],[-52.5331,-22.6156],[-52.5365,-22.6144],[-52.5399,-22.6131],[-52.5666,-22.5888],[-52.5798,-22.5685],[-52.5862,-22.566],[-52.6027,-22.5707],[-52.6624,-22.6114],[-52.7012,-22.627],[-52.7115,-22.6266],[-52.7219,-22.6263],[-52.7498,-22.6119],[-52.7701,-22.6054],[-52.7795,-22.6025],[-52.7824,-22.6019],[-52.8149,-22.5966],[-52.8443,-22.6087],[-52.8578,-22.6075],[-52.8657,-22.603],[-52.8849,-22.5877],[-52.9048,-22.5717],[-52.9145,-22.5684],[-52.9242,-22.5651],[-52.9719,-22.57],[-52.9781,-22.5729],[-52.9844,-22.5759],[-53.0119,-22.5975],[-53.024,-22.6037],[-53.038,-22.6179],[-53.0455,-22.6241],[-53.053,-22.6302],[-53.0742,-22.6409],[-53.0873,-22.6579],[-53.0941,-22.6375],[-53.1047,-22.6215],[-53.1082,-22.6131],[-53.1082,-22.6131],[-53.1078,-22.5968],[-53.0809,-22.5578],[-53.0554,-22.5354],[-53.0131,-22.5193],[-53.0073,-22.5089],[-53.0041,-22.5034],[-52.9981,-22.4927],[-52.9477,-22.4729],[-52.8853,-22.4524],[-52.8573,-22.441],[-52.8558,-22.4398],[-52.8542,-22.4386],[-52.8394,-22.4148],[-52.7978,-22.3778],[-52.7453,-22.3428],[-52.7345,-22.3387],[-52.7238,-22.3346],[-52.6946,-22.3141],[-52.6564,-22.3033],[-52.6244,-22.2798],[-52.613,-22.2756],[-52.6015,-22.2715],[-52.5787,-22.2515],[-52.55,-22.2425],[-52.5227,-22.2285],[-52.5029,-22.2249],[-52.4925,-22.2195],[-52.4862,-22.2147],[-52.4826,-22.207],[-52.4795,-22.2004],[-52.4567,-22.1845],[-52.4077,-22.1412],[-52.3975,-22.1215],[-52.3908,-22.1151],[-52.3767,-22.1062],[-52.3449,-22.0615],[-52.3186,-21.9719],[-52.3134,-21.9617],[-52.3083,-21.9514],[-52.2754,-21.9155],[-52.2681,-21.9133],[-52.2632,-21.9118],[-52.2589,-21.9063],[-52.2479,-21.9018],[-52.2317,-21.8822],[-52.1901,-21.8457],[-52.1836,-21.8274],[-52.1834,-21.8232],[-52.183,-21.8131],[-52.175,-21.7977],[-52.1608,-21.7703],[-52.1534,-21.766],[-52.1395,-21.7553],[-52.1024,-21.7448],[-52.0979,-21.7374],[-52.0933,-21.73],[-52.076,-21.7144],[-52.0493,-21.6609],[-52.0492,-21.6517],[-52.049,-21.6426],[-52.059,-21.6257],[-52.0623,-21.6201],[-52.0653,-21.6089],[-52.0684,-21.5976],[-52.0995,-21.5702],[-52.1028,-21.5586],[-52.0927,-21.5376],[-52.0773,-21.5147],[-52.066,-21.5041],[-52.0566,-21.5031],[-51.9977,-21.5152],[-51.9674,-21.5013],[-51.963,-21.4956],[-51.9499,-21.4716],[-51.939,-21.4635],[-51.9282,-21.4553],[-51.9207,-21.4318],[-51.9192,-21.4218],[-51.9177,-21.4118],[-51.9056,-21.3848],[-51.8672,-21.3512],[-51.8642,-21.3437],[-51.8612,-21.3362],[-51.8572,-21.2973],[-51.848,-21.2662],[-51.8509,-21.2633],[-51.8538,-21.2605],[-51.8636,-21.2255],[-51.8788,-21.1974],[-51.8753,-21.1806],[-51.8777,-21.156],[-51.8785,-21.1477],[-51.8754,-21.1357],[-51.865,-21.1301],[-51.8441,-21.131],[-51.8231,-21.1264],[-51.814,-21.1209],[-51.8116,-21.1167],[-51.8075,-21.1095],[-51.7892,-21.1016],[-51.7751,-21.0726],[-51.7716,-21.0483],[-51.7528,-21.0139],[-51.7247,-20.9797],[-51.7189,-20.9753],[-51.7132,-20.971],[-51.6656,-20.9701],[-51.6262,-20.9459],[-51.6223,-20.9389],[-51.6185,-20.932],[-51.613,-20.8896],[-51.6188,-20.8813],[-51.6247,-20.8729],[-51.6299,-20.8514],[-51.6325,-20.8211],[-51.6262,-20.7909],[-51.6264,-20.7894],[-51.627,-20.7842],[-51.626,-20.7828],[-51.6233,-20.7789],[-51.6344,-20.7544],[-51.6277,-20.7246],[-51.5957,-20.6483],[-51.5911,-20.6413],[-51.5865,-20.6343],[-51.5762,-20.6249],[-51.5697,-20.6198],[-51.5672,-20.6179],[-51.523,-20.5882],[-51.4997,-20.5677],[-51.4971,-20.5604],[-51.4944,-20.553],[-51.4633,-20.501],[-51.456,-20.4917],[-51.4487,-20.4823],[-51.421,-20.4662],[-51.4201,-20.4657],[-51.4105,-20.4601],[-51.4088,-20.4591],[-51.4035,-20.4522],[-51.3908,-20.4275],[-51.3746,-20.3961],[-51.3657,-20.3883],[-51.3607,-20.3841],[-51.3594,-20.3813],[-51.3504,-20.3627],[-51.3429,-20.3553],[-51.3225,-20.3403],[-51.321,-20.3392],[-51.3081,-20.3336],[-51.2952,-20.328],[-51.2395,-20.3165],[-51.1669,-20.3059],[-51.1587,-20.3037],[-51.1506,-20.3014],[-51.1272,-20.2921],[-51.1005,-20.2736],[-51.0687,-20.2496],[-51.0633,-20.2411],[-51.0579,-20.2327],[-51.0499,-20.2036],[-51.0483,-20.1981],[-51.0445,-20.1888],[-51.0445,-20.1888],[-51.0407,-20.1794],[-51.0395,-20.1765],[-51.0288,-20.1505],[-51.0014,-20.0958],[-51.0,-20.0849],[-50.9969,-20.0803],[-50.966,-20.0341],[-50.9491,-20.0311],[-50.9487,-20.031],[-50.9448,-20.0286],[-50.9354,-20.0171],[-50.9332,-20.0145],[-50.9275,-20.0114],[-50.9114,-20.0026],[-50.9095,-19.9982],[-50.9076,-19.9938],[-50.8965,-19.9897],[-50.8856,-19.9894],[-50.8734,-19.9883],[-50.8713,-19.9881],[-50.8687,-19.9857],[-50.8529,-19.971],[-50.8436,-19.9671],[-50.8212,-19.9594],[-50.8168,-19.9579],[-50.803,-19.9482],[-50.7936,-19.9416],[-50.7883,-19.9392],[-50.7831,-19.9368],[-50.7246,-19.9264],[-50.6829,-19.9148],[-50.6564,-19.9049],[-50.6357,-19.8746],[-50.616,-19.8613],[-50.6102,-19.8582],[-50.6058,-19.8559],[-50.5908,-19.8338],[-50.5858,-19.8264],[-50.5807,-19.821],[-50.5755,-19.8156],[-50.5615,-19.8131],[-50.5467,-19.8101],[-50.5173,-19.7963],[-50.5166,-19.7959],[-50.5076,-19.7956],[-50.5076,-19.7956],[-50.4987,-19.7953],[-50.4959,-19.7932],[-50.4857,-19.7852],[-50.4714,-19.7792],[-50.454,-19.7856],[-50.414,-19.8033],[-50.3724,-19.8449],[-50.3677,-19.8487],[-50.3657,-19.8497],[-50.3566,-19.8541],[-50.3559,-19.8558],[-50.3523,-19.8641],[-50.336,-19.8677],[-50.3237,-19.8701],[-50.3114,-19.8726],[-50.2851,-19.8673],[-50.2447,-19.8763],[-50.2204,-19.868],[-50.2102,-19.8675],[-50.2,-19.867],[-50.1731,-19.8742],[-50.1592,-19.8778],[-50.1384,-19.8745],[-50.1023,-19.8754],[-50.0899,-19.8788],[-50.0826,-19.8835],[-50.0763,-19.8876],[-50.0434,-19.916],[-50.0117,-19.9262],[-49.9596,-19.9204],[-49.9045,-19.9386],[-49.8908,-19.9432],[-49.8811,-19.9441],[-49.8551,-19.9463],[-49.845,-19.9396],[-49.8348,-19.9328],[-49.8296,-19.9322],[-49.7985,-19.9286],[-49.7926,-19.928],[-49.7873,-19.926],[-49.782,-19.924],[-49.7491,-19.9248],[-49.7117,-19.9308],[-49.6407,-19.9314],[-49.6262,-19.9273],[-49.6055,-19.916],[-49.5817,-19.9096],[-49.5701,-19.9102],[-49.5587,-19.9107],[-49.5578,-19.9101],[-49.551,-19.9054],[-49.5236,-19.9114],[-49.5133,-19.9154],[-49.503,-19.9194],[-49.487,-19.9548],[-49.4577,-19.9755],[-49.4488,-19.9779],[-49.4399,-19.9803],[-49.4113,-19.9823],[-49.356,-19.9862],[-49.345,-19.9832],[-49.334,-19.9801],[-49.3203,-19.9706],[-49.3137,-19.9661],[-49.3054,-19.9631],[-49.2971,-19.9601],[-49.2647,-19.9616],[-49.258,-19.9648],[-49.2559,-19.9658],[-49.2537,-19.9669],[-49.2503,-19.9703],[-49.2465,-19.9821],[-49.2479,-19.9992],[-49.255,-20.0028],[-49.2621,-20.0065],[-49.2688,-20.0058],[-49.2835,-20.0044],[-49.2898,-20.0104],[-49.2961,-20.0164],[-49.3072,-20.0733],[-49.3081,-20.1015],[-49.3053,-20.1165],[-49.2988,-20.1666],[-49.2656,-20.2273],[-49.2654,-20.2279],[-49.2614,-20.2394],[-49.2576,-20.246],[-49.259,-20.2578],[-49.2588,-20.2581],[-49.2384,-20.2866],[-49.2172,-20.3032],[-49.2171,-20.3032],[-49.2171,-20.3032],[-49.1907,-20.3078],[-49.1791,-20.3097],[-49.1303,-20.2797],[-49.1289,-20.2782],[-49.124,-20.2729],[-49.1203,-20.2688],[-49.0892,-20.2113],[-49.0674,-20.154],[-49.067,-20.1543],[-49.0629,-20.1525],[-49.0587,-20.1506],[-49.0281,-20.1507],[-49.0234,-20.1519],[-49.0186,-20.153],[-48.9918,-20.1649],[-48.9876,-20.1693],[-48.9835,-20.1737],[-48.9717,-20.207],[-48.9613,-20.2628],[-48.9625,-20.273],[-48.9637,-20.2832],[-48.9684,-20.3933],[-48.9655,-20.398],[-48.9626,-20.4026],[-48.8989,-20.4407],[-48.8964,-20.4398],[-48.8863,-20.4359],[-48.8835,-20.4336],[-48.8781,-20.4292],[-48.8687,-20.4065],[-48.8671,-20.3982],[-48.868,-20.3897],[-48.8694,-20.3773],[-48.8795,-20.3478],[-48.8752,-20.3145],[-48.8816,-20.3046],[-48.8881,-20.2947],[-48.885,-20.2687],[-48.8717,-20.2414],[-48.8579,-20.2294],[-48.8537,-20.2167],[-48.8534,-20.2119],[-48.8554,-20.2053],[-48.8574,-20.1989],[-48.8552,-20.1816],[-48.8496,-20.1772],[-48.844,-20.1728],[-48.8227,-20.1614],[-48.7807,-20.1634],[-48.7533,-20.1529],[-48.7323,-20.1502],[-48.7291,-20.1498],[-48.7163,-20.1541],[-48.6922,-20.1622],[-48.685,-20.1617],[-48.6738,-20.1609],[-48.6678,-20.1637],[-48.6624,-20.1662],[-48.6464,-20.1661],[-48.644,-20.1653],[-48.6263,-20.1596],[-48.5957,-20.1374],[-48.5882,-20.1345],[-48.5807,-20.1317],[-48.5803,-20.1316],[-48.5542,-20.1298],[-48.5369,-20.133],[-48.5138,-20.1373],[-48.5022,-20.1375],[-48.4906,-20.1376],[-48.4584,-20.1276],[-48.4507,-20.1252],[-48.4386,-20.1197],[-48.4053,-20.113],[-48.3765,-20.122],[-48.3688,-20.1223],[-48.3576,-20.1212],[-48.351,-20.1205],[-48.3451,-20.1172],[-48.3392,-20.1138],[-48.3193,-20.113],[-48.3072,-20.1182],[-48.295,-20.1235],[-48.2892,-20.1307],[-48.2836,-20.1376],[-48.2758,-20.14],[-48.268,-20.1424],[-48.2459,-20.1405],[-48.2243,-20.1331],[-48.2182,-20.1259],[-48.2185,-20.1149],[-48.246,-20.0887],[-48.2496,-20.0853],[-48.2513,-20.0813],[-48.253,-20.0774],[-48.2437,-20.0469],[-48.247,-20.0354],[-48.2405,-20.0289],[-48.2252,-20.0288],[-48.2136,-20.0349],[-48.211,-20.0374],[-48.208,-20.0402],[-48.2029,-20.045],[-48.182,-20.0742],[-48.1784,-20.0953],[-48.1673,-20.1033],[-48.1655,-20.1034],[-48.1578,-20.1037],[-48.1473,-20.1237],[-48.1261,-20.1308],[-48.1217,-20.1347],[-48.1116,-20.1434],[-48.0941,-20.146],[-48.07,-20.1461],[-48.0489,-20.1368],[-48.0463,-20.1319],[-48.0377,-20.1165],[-48.0252,-20.1187],[-48.0194,-20.1197],[-48.0029,-20.1042],[-47.9901,-20.0745],[-47.9901,-20.0444],[-47.9868,-20.0401],[-47.9856,-20.0386],[-47.9809,-20.0362],[-47.9775,-20.0354],[-47.9755,-20.0349],[-47.948,-20.0553],[-47.943,-20.0915],[-47.9383,-20.0994],[-47.9336,-20.1074],[-47.9114,-20.1181],[-47.9013,-20.123],[-47.8939,-20.1234],[-47.8782,-20.1026],[-47.8714,-20.0764],[-47.8695,-20.0632],[-47.8631,-20.0564],[-47.8598,-20.0529],[-47.8597,-20.0493],[-47.8606,-20.046],[-47.8707,-20.0376],[-47.8732,-20.0356],[-47.8754,-20.0295],[-47.8749,-20.02],[-47.8593,-19.9925],[-47.8513,-19.9905],[-47.8453,-19.9923],[-47.8342,-19.9956],[-47.8011,-19.9848],[-47.7735,-19.9848],[-47.7645,-19.9855],[-47.7506,-19.9898],[-47.7332,-19.9875],[-47.7227,-19.9826],[-47.7122,-19.9777],[-47.7038,-19.9794],[-47.6757,-20.0014],[-47.6737,-20.0109],[-47.6723,-20.0177],[-47.6618,-20.0286],[-47.6355,-20.0479],[-47.6261,-20.0427],[-47.6245,-20.0418],[-47.6223,-20.0418],[-47.6135,-20.0416],[-47.5943,-20.0253],[-47.5931,-20.0157],[-47.5921,-20.0065],[-47.5806,-19.9954],[-47.5537,-19.9955],[-47.5492,-19.9928],[-47.5395,-19.9838],[-47.5124,-19.9826],[-47.5081,-19.9825],[-47.4996,-19.9737],[-47.4995,-19.9735],[-47.4971,-19.9711],[-47.4895,-19.9699],[-47.4808,-19.9686],[-47.4776,-19.9656],[-47.4733,-19.9615],[-47.4696,-19.9626],[-47.4659,-19.9637],[-47.457,-19.9769],[-47.4497,-19.9874],[-47.4436,-19.9919],[-47.4374,-19.9965],[-47.4252,-20.0123],[-47.4251,-20.0172],[-47.4381,-20.0257],[-47.4434,-20.0292],[-47.4387,-20.0492],[-47.4178,-20.0642],[-47.4142,-20.0685],[-47.4055,-20.0809],[-47.4027,-20.0823],[-47.3741,-20.0832],[-47.3582,-20.1035],[-47.3513,-20.1043],[-47.3471,-20.1049],[-47.3309,-20.1138],[-47.3092,-20.124],[-47.2926,-20.1482],[-47.2674,-20.1568],[-47.262,-20.1613],[-47.2566,-20.1657],[-47.2544,-20.1916],[-47.2307,-20.2186],[-47.2321,-20.227],[-47.2435,-20.2553],[-47.2458,-20.261],[-47.2491,-20.2621],[-47.2524,-20.2632],[-47.2544,-20.2664],[-47.2642,-20.2821],[-47.2695,-20.2823],[-47.2763,-20.2912],[-47.2814,-20.3121],[-47.2842,-20.3147],[-47.2854,-20.3158],[-47.2853,-20.3193],[-47.2851,-20.3317],[-47.2876,-20.3325],[-47.2898,-20.3332],[-47.289,-20.337],[-47.2978,-20.348],[-47.2929,-20.3639],[-47.295,-20.3687],[-47.2921,-20.3698],[-47.294,-20.3803],[-47.2921,-20.3815],[-47.2902,-20.3827],[-47.2921,-20.3842],[-47.2933,-20.3852],[-47.2921,-20.3856],[-47.2868,-20.3874],[-47.2901,-20.3994],[-47.2854,-20.4048],[-47.2891,-20.4093],[-47.2878,-20.4154],[-47.2917,-20.417],[-47.293,-20.4175],[-47.2915,-20.4187],[-47.2883,-20.4211],[-47.2908,-20.423],[-47.2949,-20.4262],[-47.2925,-20.4277],[-47.2938,-20.4314],[-47.2893,-20.4335],[-47.2868,-20.4347],[-47.286,-20.442],[-47.2869,-20.443],[-47.2913,-20.4488],[-47.2694,-20.466],[-47.2625,-20.4676],[-47.259,-20.4684],[-47.2575,-20.4708],[-47.2531,-20.4775],[-47.2501,-20.4763],[-47.2291,-20.4864],[-47.211,-20.5018],[-47.2016,-20.5029],[-47.1992,-20.5031],[-47.1843,-20.5132],[-47.1539,-20.5192],[-47.148,-20.5293],[-47.1455,-20.5333],[-47.143,-20.5417],[-47.142,-20.5451],[-47.1372,-20.5606],[-47.142,-20.5655],[-47.132,-20.5903],[-47.1255,-20.59],[-47.1223,-20.5943],[-47.125,-20.6037],[-47.1241,-20.6088],[-47.1084,-20.621],[-47.1099,-20.6274],[-47.1115,-20.6343],[-47.1122,-20.6375],[-47.1084,-20.6391],[-47.0969,-20.6439],[-47.0961,-20.6586],[-47.1016,-20.6689],[-47.102,-20.6697],[-47.1017,-20.6732],[-47.1008,-20.6826],[-47.1018,-20.6839],[-47.1123,-20.6962],[-47.1131,-20.6993],[-47.1145,-20.7053],[-47.1183,-20.7068],[-47.1487,-20.7071],[-47.1507,-20.7064],[-47.1654,-20.7014],[-47.1689,-20.7052],[-47.1727,-20.7114],[-47.1691,-20.7172],[-47.1858,-20.7306],[-47.1825,-20.733],[-47.1747,-20.7388],[-47.1819,-20.7409],[-47.1884,-20.7701],[-47.1948,-20.7745],[-47.198,-20.7746],[-47.2066,-20.775],[-47.2123,-20.7891],[-47.2134,-20.7918],[-47.2188,-20.7957],[-47.2243,-20.7996],[-47.2146,-20.8253],[-47.2265,-20.8551],[-47.2273,-20.8568],[-47.2396,-20.8848],[-47.2241,-20.9111],[-47.2171,-20.9174],[-47.21,-20.9237],[-47.2065,-20.9244],[-47.1896,-20.9277],[-47.1908,-20.9347],[-47.1921,-20.9416],[-47.1815,-20.9532],[-47.1748,-20.9546],[-47.1706,-20.9555],[-47.1664,-20.9619],[-47.1641,-20.9656],[-47.1592,-20.9668],[-47.1491,-20.9695],[-47.1462,-20.9757],[-47.1433,-20.9819],[-47.1488,-20.994],[-47.1502,-20.9969],[-47.1505,-21.0057],[-47.1507,-21.0098],[-47.1507,-21.0098],[-47.151,-21.0103],[-47.1565,-21.0185],[-47.1527,-21.0254],[-47.1479,-21.035],[-47.1456,-21.0586],[-47.143,-21.0625],[-47.1386,-21.0688],[-47.1401,-21.0774],[-47.1413,-21.0847],[-47.1418,-21.0877],[-47.1366,-21.0875],[-47.1353,-21.0891],[-47.1277,-21.0987],[-47.1127,-21.1044],[-47.1123,-21.1082],[-47.12,-21.1115],[-47.1231,-21.1187],[-47.1258,-21.1249],[-47.133,-21.133],[-47.1169,-21.1532],[-47.1232,-21.1674],[-47.1212,-21.1703],[-47.1181,-21.1748],[-47.1183,-21.1853],[-47.1031,-21.1994],[-47.102,-21.2025],[-47.0982,-21.213],[-47.0952,-21.2092],[-47.093,-21.2086],[-47.0861,-21.2068],[-47.0651,-21.207],[-47.0623,-21.2095],[-47.0675,-21.2139],[-47.0704,-21.2214],[-47.0719,-21.2253],[-47.0784,-21.2301],[-47.0769,-21.2393],[-47.0626,-21.2388],[-47.0602,-21.2405],[-47.0518,-21.2461],[-47.0509,-21.2567],[-47.0444,-21.2655],[-47.0391,-21.2804],[-47.0403,-21.2845],[-47.0419,-21.2895],[-47.0364,-21.2938],[-47.0295,-21.2993],[-47.0319,-21.3046],[-47.0347,-21.3105],[-47.0301,-21.3112],[-47.0284,-21.313],[-47.0205,-21.3212],[-47.0213,-21.3232],[-47.0233,-21.328],[-47.0212,-21.3322],[-47.0175,-21.34],[-46.9976,-21.3503],[-46.9964,-21.3569],[-47.0091,-21.3703],[-47.0068,-21.3762],[-47.0041,-21.3831],[-47.0083,-21.3924],[-47.0095,-21.393],[-47.015,-21.3958],[-47.0098,-21.4054],[-47.0073,-21.4102],[-47.0101,-21.4133],[-47.0124,-21.4159],[-47.0108,-21.4218],[-46.9992,-21.4205],[-46.9922,-21.4247],[-46.9864,-21.4212],[-46.9835,-21.4266],[-46.9796,-21.4243],[-46.9765,-21.4225],[-46.9755,-21.4208],[-46.9745,-21.4191],[-46.9704,-21.4215],[-46.97,-21.4218],[-46.9696,-21.4217],[-46.9625,-21.4191],[-46.959,-21.422],[-46.9562,-21.4243],[-46.9531,-21.4221],[-46.9487,-21.4191],[-46.9398,-21.4224],[-46.9337,-21.4247],[-46.9271,-21.4228],[-46.925,-21.4221],[-46.9243,-21.4228],[-46.9203,-21.4266],[-46.9171,-21.4215],[-46.9164,-21.4204],[-46.9147,-21.4205],[-46.908,-21.4207],[-46.9029,-21.4157],[-46.8998,-21.4127],[-46.8975,-21.4135],[-46.8929,-21.4151],[-46.8857,-21.408],[-46.8842,-21.4065],[-46.882,-21.406],[-46.8677,-21.4032],[-46.8657,-21.3975],[-46.8649,-21.3951],[-46.8594,-21.3939],[-46.8578,-21.3936],[-46.8571,-21.3923],[-46.8553,-21.3892],[-46.8524,-21.3891],[-46.8417,-21.3886],[-46.8348,-21.382],[-46.8351,-21.3773],[-46.8354,-21.373],[-46.8323,-21.3673],[-46.8183,-21.3659],[-46.8001,-21.3708],[-46.7913,-21.3732],[-46.788,-21.3704],[-46.7857,-21.3684],[-46.7812,-21.3701],[-46.7808,-21.3703],[-46.7807,-21.3701],[-46.7759,-21.3623],[-46.7688,-21.3607],[-46.7643,-21.3596],[-46.7582,-21.3639],[-46.7616,-21.3742],[-46.7617,-21.3745],[-46.7551,-21.3798],[-46.7365,-21.392],[-46.7268,-21.3914],[-46.7242,-21.3912],[-46.72,-21.3892],[-46.7173,-21.3909],[-46.7143,-21.3922],[-46.7114,-21.3962],[-46.7055,-21.4044],[-46.6934,-21.3901],[-46.6923,-21.3847],[-46.6918,-21.3823],[-46.683,-21.3758],[-46.6735,-21.374],[-46.6652,-21.3612],[-46.6592,-21.3633],[-46.6467,-21.3638],[-46.6461,-21.3662],[-46.6445,-21.3721],[-46.6456,-21.3753],[-46.647,-21.3795],[-46.6471,-21.3925],[-46.6406,-21.3991],[-46.6383,-21.4015],[-46.638,-21.4033],[-46.6369,-21.4102],[-46.6327,-21.4105],[-46.6261,-21.411],[-46.618,-21.4207],[-46.6201,-21.4252],[-46.6156,-21.429],[-46.6173,-21.4315],[-46.6194,-21.4345],[-46.6148,-21.441],[-46.6023,-21.4433],[-46.585,-21.4331],[-46.5813,-21.4309],[-46.5761,-21.4265],[-46.5713,-21.434],[-46.5698,-21.4363],[-46.561,-21.4413],[-46.5496,-21.4402],[-46.5484,-21.4401],[-46.547,-21.441],[-46.5353,-21.4486],[-46.5345,-21.4482],[-46.528,-21.4445],[-46.5198,-21.448],[-46.5191,-21.4615],[-46.5088,-21.4694],[-46.5118,-21.4767],[-46.5113,-21.4783],[-46.5109,-21.4796],[-46.5084,-21.4886],[-46.5135,-21.4944],[-46.5188,-21.5004],[-46.516,-21.5089],[-46.5154,-21.5107],[-46.5166,-21.5122],[-46.5237,-21.5214],[-46.5201,-21.533],[-46.5145,-21.5349],[-46.5101,-21.5363],[-46.4997,-21.5541],[-46.5029,-21.5615],[-46.5092,-21.5647],[-46.5119,-21.566],[-46.5117,-21.5716],[-46.5214,-21.5842],[-46.518,-21.5925],[-46.524,-21.6005],[-46.5182,-21.6039],[-46.5155,-21.6055],[-46.5171,-21.6114],[-46.5254,-21.6161],[-46.5338,-21.6208],[-46.5344,-21.6282],[-46.5469,-21.6299],[-46.5525,-21.6376],[-46.5479,-21.6492],[-46.5558,-21.6523],[-46.5655,-21.6576],[-46.5654,-21.6738],[-46.5654,-21.6789],[-46.5712,-21.6816],[-46.5771,-21.6844],[-46.6185,-21.6756],[-46.6211,-21.675],[-46.6234,-21.6926],[-46.6285,-21.6961],[-46.6293,-21.7025],[-46.6273,-21.7059],[-46.622,-21.715],[-46.628,-21.7291],[-46.6251,-21.7336],[-46.6304,-21.7404],[-46.6256,-21.7657],[-46.6297,-21.7683],[-46.6337,-21.7685],[-46.6365,-21.7677],[-46.638,-21.7684],[-46.6411,-21.7713],[-46.6452,-21.7751],[-46.6535,-21.7787],[-46.6513,-21.7871],[-46.6508,-21.789],[-46.6611,-21.8],[-46.6672,-21.8064],[-46.6681,-21.8091],[-46.6704,-21.816],[-46.6803,-21.8229],[-46.6905,-21.8365],[-46.6831,-21.8436],[-46.6767,-21.8498],[-46.6715,-21.8492],[-46.6663,-21.8485],[-46.6569,-21.8688],[-46.6567,-21.8768],[-46.6471,-21.88],[-46.6527,-21.8954],[-46.6609,-21.8976],[-46.6642,-21.8986],[-46.672,-21.9087],[-46.6646,-21.9201],[-46.6668,-21.9321],[-46.6566,-21.9389],[-46.6532,-21.9412],[-46.6533,-21.947],[-46.6534,-21.9528],[-46.6434,-21.9745],[-46.637,-21.9803],[-46.6305,-21.9807],[-46.6234,-21.992],[-46.6204,-21.9933],[-46.6178,-21.9944],[-46.6138,-22.0014],[-46.613,-22.0091],[-46.6142,-22.0147],[-46.6167,-22.0166],[-46.6329,-22.0109],[-46.6399,-22.0084],[-46.6479,-22.0094],[-46.6503,-22.0099],[-46.6519,-22.0102],[-46.6536,-22.0153],[-46.6542,-22.0168],[-46.6617,-22.0232],[-46.6634,-22.023],[-46.6741,-22.0218],[-46.6766,-22.0235],[-46.6815,-22.0281],[-46.685,-22.0369],[-46.6801,-22.0449],[-46.6759,-22.0549],[-46.6641,-22.0581],[-46.6579,-22.0598],[-46.6611,-22.0641],[-46.6644,-22.0684],[-46.6688,-22.0696],[-46.6835,-22.0734],[-46.6958,-22.0724],[-46.7056,-22.0785],[-46.7129,-22.0743],[-46.7201,-22.0745],[-46.7228,-22.0765],[-46.7198,-22.0821],[-46.7197,-22.0823],[-46.7158,-22.0894],[-46.7,-22.0947],[-46.6931,-22.0904],[-46.6872,-22.0939],[-46.6801,-22.0906],[-46.6705,-22.0968],[-46.6591,-22.0933],[-46.6511,-22.0908],[-46.6444,-22.0958],[-46.6406,-22.0999],[-46.6339,-22.1072],[-46.6326,-22.1074],[-46.6228,-22.1093],[-46.6169,-22.1265],[-46.6157,-22.1301],[-46.6134,-22.1307],[-46.6001,-22.1343],[-46.6009,-22.1386],[-46.6126,-22.1498],[-46.6241,-22.1529],[-46.6398,-22.1572],[-46.6428,-22.1692],[-46.6455,-22.1799],[-46.6502,-22.1771],[-46.662,-22.1798],[-46.6681,-22.1746],[-46.6686,-22.1742],[-46.6732,-22.1756],[-46.6732,-22.1757],[-46.6703,-22.1838],[-46.6795,-22.2164],[-46.6777,-22.2235],[-46.6842,-22.2294],[-46.6848,-22.2299],[-46.6927,-22.2371],[-46.69,-22.2435],[-46.6881,-22.2482],[-46.6917,-22.2469],[-46.6936,-22.2462],[-46.7104,-22.2635],[-46.7102,-22.2694],[-46.7054,-22.274],[-46.7019,-22.2774],[-46.7096,-22.2841],[-46.7101,-22.2845],[-46.7099,-22.2849],[-46.705,-22.2954],[-46.7152,-22.306],[-46.7172,-22.306],[-46.7228,-22.3061],[-46.7227,-22.3063],[-46.7175,-22.3164],[-46.7138,-22.3142],[-46.7105,-22.3123],[-46.7104,-22.3188],[-46.7007,-22.321],[-46.6985,-22.3318],[-46.6953,-22.3344],[-46.6961,-22.3372],[-46.6965,-22.3386],[-46.6976,-22.342],[-46.6935,-22.3429],[-46.6932,-22.343],[-46.6932,-22.3433],[-46.694,-22.348],[-46.6909,-22.3466],[-46.6903,-22.3463],[-46.6872,-22.3489],[-46.6869,-22.3518],[-46.6866,-22.3568],[-46.682,-22.3575],[-46.6751,-22.3687],[-46.6688,-22.3674],[-46.6605,-22.3655],[-46.6629,-22.3724],[-46.6659,-22.3805],[-46.663,-22.391],[-46.6678,-22.4073],[-46.6661,-22.4139],[-46.6503,-22.423],[-46.6466,-22.4282],[-46.6417,-22.4261],[-46.6396,-22.4252],[-46.6363,-22.4292],[-46.6311,-22.4353],[-46.6222,-22.437],[-46.6162,-22.4382],[-46.6115,-22.4349],[-46.6057,-22.4402],[-46.603,-22.4426],[-46.5994,-22.4411],[-46.5913,-22.4376],[-46.5815,-22.4407],[-46.5756,-22.4444],[-46.5739,-22.4449],[-46.5723,-22.452],[-46.5722,-22.4526],[-46.5718,-22.4524],[-46.5644,-22.4469],[-46.5544,-22.4462],[-46.5481,-22.4548],[-46.549,-22.4582],[-46.5511,-22.4595],[-46.5492,-22.4682],[-46.5491,-22.4685],[-46.5488,-22.4684],[-46.5425,-22.4673],[-46.5302,-22.4704],[-46.5336,-22.4809],[-46.5356,-22.4873],[-46.5417,-22.4939],[-46.5065,-22.5065],[-46.5048,-22.5166],[-46.4968,-22.5127],[-46.4907,-22.5099],[-46.4841,-22.5188],[-46.4664,-22.518],[-46.4645,-22.5223],[-46.4624,-22.5222],[-46.4541,-22.5219],[-46.4487,-22.5303],[-46.4391,-22.5342],[-46.439,-22.5373],[-46.4389,-22.5401],[-46.4259,-22.5471],[-46.4175,-22.547],[-46.416,-22.5444],[-46.4112,-22.5362],[-46.4067,-22.54],[-46.411,-22.5538],[-46.4162,-22.5584],[-46.4333,-22.5734],[-46.4282,-22.5834],[-46.4196,-22.5844],[-46.4122,-22.5852],[-46.4149,-22.5886],[-46.4191,-22.5937],[-46.4226,-22.5981],[-46.4171,-22.6048],[-46.4043,-22.6204],[-46.4139,-22.6225],[-46.4226,-22.6243],[-46.4242,-22.6331],[-46.4202,-22.6375],[-46.408,-22.6397],[-46.4056,-22.6401],[-46.3959,-22.6455],[-46.3919,-22.6526],[-46.3925,-22.6611],[-46.3926,-22.6625],[-46.4054,-22.6721],[-46.4079,-22.6688],[-46.4054,-22.6625],[-46.4074,-22.6617],[-46.413,-22.6594],[-46.4172,-22.6626],[-46.4185,-22.6637],[-46.4207,-22.663],[-46.4272,-22.6608],[-46.4335,-22.6642],[-46.4397,-22.6676],[-46.4479,-22.6693],[-46.4547,-22.6706],[-46.457,-22.6724],[-46.4609,-22.6755],[-46.4635,-22.6747],[-46.4693,-22.673],[-46.4802,-22.6778],[-46.4781,-22.6854],[-46.4725,-22.6911],[-46.4699,-22.6938],[-46.474,-22.6965],[-46.4775,-22.6989],[-46.4753,-22.7013],[-46.4723,-22.7047],[-46.4682,-22.7008],[-46.4577,-22.7067],[-46.4534,-22.7227],[-46.4523,-22.7271],[-46.446,-22.7267],[-46.439,-22.7262],[-46.4368,-22.7305],[-46.4363,-22.7314],[-46.4264,-22.7353],[-46.4241,-22.7339],[-46.4236,-22.7335],[-46.4226,-22.7321],[-46.4131,-22.7368],[-46.4061,-22.7402],[-46.3923,-22.743],[-46.3922,-22.743],[-46.3853,-22.7398],[-46.3811,-22.7435],[-46.3759,-22.7455],[-46.3727,-22.7462],[-46.36,-22.7608],[-46.3544,-22.7566],[-46.3378,-22.7592],[-46.3348,-22.7597],[-46.3321,-22.7656],[-46.3412,-22.7688],[-46.343,-22.7767],[-46.3476,-22.7772],[-46.3519,-22.7846],[-46.3602,-22.788],[-46.3612,-22.7884],[-46.3736,-22.8178],[-46.3764,-22.8273],[-46.3752,-22.8286],[-46.3702,-22.8346],[-46.3739,-22.8434],[-46.3722,-22.8593],[-46.3764,-22.8615],[-46.3804,-22.8635],[-46.3837,-22.8695],[-46.3766,-22.8703],[-46.375,-22.8705],[-46.3756,-22.8719],[-46.3774,-22.8766],[-46.3753,-22.8772],[-46.3725,-22.879],[-46.3592,-22.8956],[-46.348,-22.9023],[-46.347,-22.9029],[-46.3448,-22.9042],[-46.342,-22.9016],[-46.3356,-22.8955],[-46.3152,-22.8868],[-46.3051,-22.892],[-46.295,-22.8971],[-46.2885,-22.8895],[-46.2786,-22.8778],[-46.2664,-22.8752],[-46.2622,-22.878],[-46.2597,-22.8853],[-46.2581,-22.8901],[-46.2463,-22.8896],[-46.2377,-22.8937],[-46.2337,-22.8813],[-46.1994,-22.8704],[-46.1917,-22.8647],[-46.185,-22.8687],[-46.1635,-22.8651],[-46.1549,-22.8637],[-46.1442,-22.8578],[-46.1417,-22.8805],[-46.1364,-22.89],[-46.146,-22.9054],[-46.1473,-22.9073],[-46.1535,-22.9119],[-46.1386,-22.9223],[-46.1232,-22.909],[-46.1157,-22.907],[-46.1082,-22.905],[-46.1037,-22.9012],[-46.0948,-22.8939],[-46.0849,-22.8922],[-46.0749,-22.8905],[-46.0508,-22.8958],[-46.0269,-22.8842],[-46.008,-22.8887],[-46.0012,-22.8793],[-45.9917,-22.877],[-45.9918,-22.8732],[-45.9919,-22.8691],[-45.9767,-22.8651],[-45.9644,-22.8551],[-45.9619,-22.8562],[-45.9597,-22.8571],[-45.9559,-22.8526],[-45.9547,-22.8511],[-45.95,-22.8454],[-45.9483,-22.8453],[-45.9437,-22.8451],[-45.937,-22.8448],[-45.9283,-22.8356],[-45.9245,-22.8316],[-45.9221,-22.8236],[-45.9094,-22.8168],[-45.9039,-22.8188],[-45.9076,-22.8301],[-45.9055,-22.8333],[-45.8936,-22.8387],[-45.8906,-22.8442],[-45.8919,-22.8494],[-45.8936,-22.8566],[-45.8895,-22.8582],[-45.8885,-22.8753],[-45.8784,-22.8749],[-45.8754,-22.8736],[-45.8701,-22.8712],[-45.8686,-22.8705],[-45.8634,-22.8682],[-45.8571,-22.8602],[-45.857,-22.8548],[-45.8568,-22.8507],[-45.8516,-22.8476],[-45.85,-22.8467],[-45.8496,-22.8453],[-45.8477,-22.8373],[-45.8385,-22.8325],[-45.8291,-22.8344],[-45.8229,-22.8294],[-45.8173,-22.8325],[-45.8153,-22.8336],[-45.8147,-22.8331],[-45.8094,-22.8289],[-45.8024,-22.8334],[-45.8002,-22.8468],[-45.7955,-22.8522],[-45.7908,-22.8576],[-45.7752,-22.8494],[-45.7704,-22.8457],[-45.7681,-22.8439],[-45.7657,-22.8419],[-45.7672,-22.836],[-45.7705,-22.8054],[-45.7586,-22.8005],[-45.7545,-22.7924],[-45.7462,-22.7941],[-45.7425,-22.7948],[-45.7418,-22.8018],[-45.7413,-22.8074],[-45.7283,-22.8097],[-45.7261,-22.8123],[-45.7223,-22.8158],[-45.7131,-22.8143],[-45.7138,-22.8087],[-45.7198,-22.8078],[-45.7214,-22.8041],[-45.7295,-22.7984],[-45.7295,-22.7942],[-45.729,-22.7893],[-45.7288,-22.7868],[-45.722,-22.779],[-45.7214,-22.779],[-45.7164,-22.7795],[-45.7121,-22.7686],[-45.7122,-22.7667],[-45.7129,-22.7576],[-45.713,-22.7566],[-45.7135,-22.7563],[-45.7173,-22.7547],[-45.718,-22.7468],[-45.7181,-22.7456],[-45.7207,-22.7412],[-45.7281,-22.7286],[-45.7279,-22.7259],[-45.7278,-22.7232],[-45.7567,-22.7208],[-45.7964,-22.7383],[-45.7987,-22.7378],[-45.8054,-22.7365],[-45.8135,-22.7282],[-45.8194,-22.7221],[-45.8153,-22.7102],[-45.8112,-22.6983],[-45.7914,-22.6938],[-45.7874,-22.6929],[-45.7829,-22.688],[-45.7784,-22.6831],[-45.7668,-22.6789],[-45.7606,-22.6767],[-45.7583,-22.6742],[-45.755,-22.6706],[-45.7508,-22.67],[-45.7488,-22.6697],[-45.7483,-22.6686],[-45.7474,-22.6663],[-45.7424,-22.6587],[-45.7318,-22.6563],[-45.7268,-22.6579],[-45.7163,-22.6613],[-45.6935,-22.6512],[-45.6975,-22.6493],[-45.6992,-22.6419],[-45.7023,-22.6409],[-45.7083,-22.639],[-45.7171,-22.6205],[-45.7287,-22.6179],[-45.7294,-22.6127],[-45.737,-22.6081],[-45.7366,-22.6065],[-45.7342,-22.5969],[-45.7271,-22.5938],[-45.7266,-22.5886],[-45.7167,-22.5816],[-45.7165,-22.5781],[-45.701,-22.5842],[-45.6968,-22.5859],[-45.6875,-22.579],[-45.6793,-22.5729],[-45.6604,-22.5785],[-45.6626,-22.5862],[-45.6584,-22.5976],[-45.6635,-22.5995],[-45.6639,-22.5996],[-45.6677,-22.6091],[-45.6657,-22.6122],[-45.6751,-22.6257],[-45.674,-22.6302],[-45.6806,-22.6358],[-45.6693,-22.6481],[-45.6646,-22.6502],[-45.6472,-22.6477],[-45.6177,-22.6374],[-45.6112,-22.6287],[-45.6046,-22.6199],[-45.5895,-22.6186],[-45.5843,-22.615],[-45.5875,-22.6099],[-45.5763,-22.6019],[-45.5723,-22.6088],[-45.568,-22.6104],[-45.5632,-22.6122],[-45.5549,-22.6259],[-45.5724,-22.6407],[-45.5763,-22.6401],[-45.5769,-22.64],[-45.5815,-22.6442],[-45.5839,-22.6512],[-45.5814,-22.6518],[-45.58,-22.6522],[-45.5738,-22.656],[-45.5731,-22.6565],[-45.5511,-22.6526],[-45.5497,-22.6521],[-45.5395,-22.6521],[-45.5331,-22.6466],[-45.5326,-22.6463],[-45.5323,-22.6463],[-45.5245,-22.6464],[-45.5125,-22.6362],[-45.5,-22.6256],[-45.4942,-22.6269],[-45.4884,-22.6283],[-45.4745,-22.5985],[-45.4769,-22.5956],[-45.4808,-22.5907],[-45.4739,-22.5902],[-45.4713,-22.59],[-45.4514,-22.6058],[-45.4486,-22.6046],[-45.4476,-22.6041],[-45.4386,-22.6102],[-45.437,-22.6112],[-45.4351,-22.6178],[-45.4204,-22.6203],[-45.4125,-22.6217],[-45.4127,-22.628],[-45.4084,-22.633],[-45.41,-22.6512],[-45.4018,-22.6523],[-45.3995,-22.6526],[-45.3949,-22.6514],[-45.3702,-22.6368],[-45.3653,-22.6375],[-45.3605,-22.6383],[-45.3521,-22.6297],[-45.3485,-22.626],[-45.3435,-22.6246],[-45.3354,-22.6223],[-45.3347,-22.621],[-45.3325,-22.6171],[-45.2934,-22.6132],[-45.2742,-22.6157],[-45.2657,-22.61],[-45.261,-22.6066],[-45.2638,-22.6041],[-45.2581,-22.5927],[-45.2567,-22.5898],[-45.2581,-22.5861],[-45.2594,-22.5824],[-45.2262,-22.5662],[-45.2227,-22.5631],[-45.2171,-22.5627],[-45.2119,-22.5624],[-45.2033,-22.5568],[-45.1776,-22.5494],[-45.1641,-22.5374],[-45.1655,-22.5307],[-45.1638,-22.5266],[-45.1596,-22.5164],[-45.1497,-22.5068],[-45.1434,-22.5061],[-45.128,-22.4966],[-45.1212,-22.4948],[-45.1029,-22.4882],[-45.0919,-22.4832],[-45.0907,-22.4826],[-45.0877,-22.4837],[-45.0822,-22.4858],[-45.0602,-22.4721],[-45.0401,-22.4688],[-45.028,-22.4627],[-45.0247,-22.4644],[-45.026,-22.4677],[-45.0267,-22.4697],[-45.0137,-22.4668],[-45.0094,-22.4659],[-45.0058,-22.4665],[-45.0006,-22.468],[-44.9914,-22.4657],[-44.9654,-22.4747],[-44.9585,-22.4654],[-44.9396,-22.4522],[-44.8985,-22.4523],[-44.8893,-22.4316],[-44.8749,-22.4281],[-44.871,-22.4238],[-44.8594,-22.4226],[-44.8555,-22.4261],[-44.854,-22.4275],[-44.8442,-22.4273],[-44.8329,-22.4304],[-44.8237,-22.4189],[-44.8076,-22.4136],[-44.8077,-22.4128],[-44.8078,-22.412],[-44.8084,-22.4077],[-44.8088,-22.4048],[-44.801,-22.4056],[-44.779,-22.408],[-44.7721,-22.4128],[-44.7696,-22.4146],[-44.7636,-22.4145],[-44.7605,-22.4145],[-44.7547,-22.4144],[-44.74,-22.4261],[-44.7298,-22.4396],[-44.7269,-22.4467],[-44.7182,-22.4649],[-44.7181,-22.4688],[-44.7194,-22.4703],[-44.7223,-22.4738],[-44.7235,-22.4836],[-44.7201,-22.4918],[-44.717,-22.4922],[-44.7121,-22.4929],[-44.7097,-22.4999],[-44.7121,-22.506],[-44.7153,-22.5138],[-44.7053,-22.5116],[-44.7007,-22.5106],[-44.6987,-22.5134],[-44.6955,-22.5178],[-44.6879,-22.5215],[-44.68,-22.5257],[-44.6705,-22.5392],[-44.6754,-22.5441],[-44.6758,-22.5446],[-44.677,-22.5605],[-44.6659,-22.5535],[-44.6611,-22.5504],[-44.6499,-22.5565],[-44.6473,-22.5523],[-44.6413,-22.5589],[-44.6419,-22.5771],[-44.6467,-22.5841],[-44.6449,-22.6021],[-44.633,-22.6087],[-44.6274,-22.6071],[-44.6219,-22.6055],[-44.6163,-22.6104],[-44.6098,-22.6162],[-44.6044,-22.614],[-44.6043,-22.6139],[-44.6019,-22.6071],[-44.5967,-22.61],[-44.5945,-22.6149],[-44.591,-22.6225],[-44.5837,-22.6255],[-44.5766,-22.6102],[-44.5726,-22.6015],[-44.5665,-22.6074],[-44.5628,-22.611],[-44.557,-22.6088],[-44.5485,-22.6057],[-44.5367,-22.6168],[-44.5327,-22.6153],[-44.5256,-22.619],[-44.5313,-22.6254],[-44.537,-22.6319],[-44.5348,-22.637],[-44.5308,-22.6393],[-44.5342,-22.6325],[-44.531,-22.6303],[-44.5242,-22.63],[-44.5195,-22.6299],[-44.5145,-22.6297],[-44.5082,-22.6404],[-44.4851,-22.6104],[-44.4855,-22.6095],[-44.4871,-22.6057],[-44.483,-22.604],[-44.4803,-22.6083],[-44.4777,-22.6124],[-44.4644,-22.6155],[-44.4554,-22.6096],[-44.454,-22.6086],[-44.4475,-22.6098],[-44.4463,-22.61],[-44.4456,-22.6089],[-44.4423,-22.6038],[-44.4298,-22.598],[-44.4247,-22.5993],[-44.4163,-22.6013],[-44.4059,-22.6071],[-44.3981,-22.6025],[-44.4038,-22.6002],[-44.405,-22.5914],[-44.4059,-22.5906],[-44.409,-22.5878],[-44.3953,-22.5811],[-44.3912,-22.5729],[-44.384,-22.5732],[-44.3712,-22.5796],[-44.3636,-22.5779],[-44.3599,-22.5813],[-44.3617,-22.5827],[-44.3698,-22.5894],[-44.3659,-22.5934],[-44.3612,-22.5926],[-44.3608,-22.6052],[-44.3607,-22.6112],[-44.356,-22.6138],[-44.3493,-22.6088],[-44.3514,-22.5991],[-44.3498,-22.5951],[-44.3457,-22.5968],[-44.3473,-22.5901],[-44.3432,-22.5879],[-44.3398,-22.5906],[-44.3305,-22.589],[-44.326,-22.5882],[-44.3221,-22.5921],[-44.3176,-22.5967],[-44.3131,-22.595],[-44.3123,-22.5947],[-44.3111,-22.5954],[-44.3058,-22.5986],[-44.2986,-22.598],[-44.2953,-22.5977],[-44.2952,-22.5987],[-44.2947,-22.6018],[-44.2853,-22.6092],[-44.2827,-22.6037],[-44.2773,-22.6022],[-44.2711,-22.6004],[-44.2658,-22.6037],[-44.253,-22.6117],[-44.2476,-22.6062],[-44.2476,-22.6061],[-44.2323,-22.608],[-44.2307,-22.6074],[-44.2264,-22.6041],[-44.22,-22.6148],[-44.2187,-22.6172],[-44.2161,-22.6165],[-44.2076,-22.6143],[-44.2037,-22.6149],[-44.2034,-22.6235],[-44.2034,-22.6261],[-44.1981,-22.63],[-44.1974,-22.63],[-44.1904,-22.6297],[-44.1838,-22.6368],[-44.1866,-22.6415],[-44.1899,-22.6472],[-44.1762,-22.6557],[-44.1735,-22.6574],[-44.1617,-22.6741],[-44.1613,-22.6755],[-44.1605,-22.6778],[-44.1637,-22.6801],[-44.1656,-22.6815],[-44.168,-22.6871],[-44.1684,-22.688],[-44.1687,-22.6882],[-44.1762,-22.6927],[-44.1749,-22.6982],[-44.1742,-22.7016],[-44.1779,-22.7072],[-44.1845,-22.7124],[-44.1892,-22.7133],[-44.2033,-22.7157],[-44.2016,-22.7232],[-44.2007,-22.7235],[-44.198,-22.7245],[-44.2015,-22.7319],[-44.2166,-22.7329],[-44.2268,-22.7335],[-44.2417,-22.7489],[-44.2391,-22.7538],[-44.2383,-22.7552],[-44.2397,-22.7554],[-44.25,-22.7571],[-44.2571,-22.768],[-44.257,-22.7783],[-44.2534,-22.7812],[-44.2561,-22.7869],[-44.2526,-22.7881],[-44.2476,-22.79],[-44.2418,-22.7877],[-44.2413,-22.7927],[-44.2451,-22.8021],[-44.2599,-22.8045],[-44.261,-22.8047],[-44.2632,-22.8113],[-44.2695,-22.8298],[-44.2729,-22.8312],[-44.2829,-22.8354],[-44.2863,-22.828],[-44.2962,-22.8273],[-44.317,-22.8394],[-44.3183,-22.8411],[-44.3215,-22.8448],[-44.3205,-22.8414],[-44.32,-22.84],[-44.3254,-22.838],[-44.3503,-22.8481],[-44.3738,-22.8576],[-44.3869,-22.8572],[-44.3892,-22.8548],[-44.3917,-22.8521],[-44.3979,-22.8534],[-44.4012,-22.8541],[-44.4014,-22.8528],[-44.4024,-22.8467],[-44.413,-22.8477],[-44.4216,-22.851],[-44.4263,-22.8552],[-44.4367,-22.8707],[-44.4666,-22.8846],[-44.4713,-22.8756],[-44.4765,-22.8738],[-44.476,-22.8703],[-44.4757,-22.8675],[-44.4784,-22.8666],[-44.4805,-22.8658],[-44.4798,-22.8642],[-44.476,-22.8558],[-44.4793,-22.8509],[-44.4839,-22.846],[-44.4903,-22.846],[-44.4943,-22.846],[-44.5054,-22.8514],[-44.5155,-22.8613],[-44.5191,-22.8648],[-44.5258,-22.8668],[-44.5326,-22.8687],[-44.5452,-22.8808],[-44.5447,-22.882],[-44.5438,-22.8844],[-44.5548,-22.8886],[-44.5755,-22.8781],[-44.6002,-22.8883],[-44.6044,-22.8863],[-44.6066,-22.8852],[-44.6096,-22.8878],[-44.6287,-22.9041],[-44.6346,-22.9066],[-44.6386,-22.9137],[-44.646,-22.9187],[-44.659,-22.9274],[-44.6705,-22.9198],[-44.6735,-22.9178],[-44.6776,-22.9229],[-44.6879,-22.9359],[-44.6957,-22.9318],[-44.7043,-22.9344],[-44.7043,-22.9344],[-44.7115,-22.9295],[-44.7434,-22.9471],[-44.7518,-22.962],[-44.7511,-22.9639],[-44.7489,-22.9695],[-44.7561,-22.9754],[-44.7548,-22.9798],[-44.759,-22.9784],[-44.7649,-22.9829],[-44.7709,-22.9814],[-44.7819,-22.9787],[-44.7867,-22.9823],[-44.792,-22.9817],[-44.7929,-22.9932],[-44.8022,-22.9986],[-44.795,-23.0071],[-44.7927,-23.0097],[-44.7974,-23.0182],[-44.7982,-23.0197],[-44.798,-23.0208],[-44.7972,-23.0241],[-44.8,-23.0289],[-44.8012,-23.0309],[-44.8015,-23.0338],[-44.8027,-23.049],[-44.8065,-23.0513],[-44.8111,-23.054],[-44.8086,-23.0585],[-44.8069,-23.0616],[-44.8097,-23.0639],[-44.8136,-23.0671],[-44.8127,-23.0745],[-44.818,-23.0897],[-44.8124,-23.0914],[-44.8119,-23.0916],[-44.8124,-23.098],[-44.8086,-23.0992],[-44.814,-23.1071],[-44.8158,-23.1097],[-44.8144,-23.1111],[-44.8108,-23.1146],[-44.8132,-23.1211],[-44.8107,-23.1252],[-44.8188,-23.1322],[-44.8194,-23.1327],[-44.8192,-23.1331],[-44.8164,-23.1403],[-44.8244,-23.143],[-44.825,-23.1432],[-44.825,-23.144],[-44.8244,-23.161],[-44.836,-23.1651],[-44.8401,-23.1665],[-44.8439,-23.1681],[-44.845,-23.1707],[-44.8458,-23.1725],[-44.8487,-23.1725],[-44.8538,-23.1723],[-44.8533,-23.1746],[-44.8529,-23.1762],[-44.8603,-23.181],[-44.8726,-23.1838],[-44.8759,-23.1974],[-44.8773,-23.1987],[-44.8826,-23.2037],[-44.8815,-23.2119],[-44.881,-23.2155],[-44.8834,-23.2182],[-44.8885,-23.224],[-44.8851,-23.2319],[-44.8778,-23.2323],[-44.8746,-23.2487],[-44.8643,-23.2486],[-44.854,-23.2485],[-44.8365,-23.2563],[-44.8397,-23.2633],[-44.8301,-23.2694],[-44.8292,-23.272],[-44.8268,-23.2793],[-44.8236,-23.2804],[-44.8262,-23.2907],[-44.814,-23.2858],[-44.807,-23.2829],[-44.8049,-23.2895],[-44.787,-23.2996],[-44.7873,-23.3056],[-44.7801,-23.3153],[-44.7805,-23.3184],[-44.7816,-23.3259],[-44.7763,-23.3333],[-44.7779,-23.3385],[-44.761,-23.3417],[-44.7597,-23.342],[-44.7581,-23.3452],[-44.7564,-23.3485],[-44.7497,-23.358],[-44.7424,-23.358],[-44.7365,-23.3621],[-44.7335,-23.3641],[-44.728,-23.3662],[-44.724,-23.3676],[-44.73,-23.37],[-44.7355,-23.3691],[-44.7456,-23.3671],[-44.7502,-23.3664],[-44.7625,-23.3708],[-44.7671,-23.3724],[-44.773,-23.3745],[-44.784,-23.3782],[-44.785,-23.3738],[-44.7857,-23.3711],[-44.7917,-23.3697],[-44.7971,-23.3709],[-44.8001,-23.3717],[-44.8005,-23.3759],[-44.8014,-23.3765],[-44.806,-23.3796],[-44.8201,-23.382],[-44.8256,-23.3861],[-44.8283,-23.3879],[-44.8313,-23.3858],[-44.8374,-23.387],[-44.8438,-23.3869],[-44.8393,-23.3789],[-44.839,-23.3767],[-44.8385,-23.3729],[-44.8382,-23.3693],[-44.8535,-23.361],[-44.8713,-23.3593],[-44.8777,-23.3636],[-44.8847,-23.3683],[-44.8911,-23.3725],[-44.8881,-23.3652],[-44.8906,-23.3586],[-44.8867,-23.3534],[-44.8849,-23.3509],[-44.883,-23.3483],[-44.8854,-23.3415],[-44.8874,-23.3371],[-44.8918,-23.3363],[-44.8975,-23.3353],[-44.9074,-23.3332],[-44.9109,-23.3385],[-44.9172,-23.3474],[-44.9221,-23.3503],[-44.9221,-23.3503],[-44.9225,-23.3506],[-44.9266,-23.353],[-44.9419,-23.3571],[-44.9483,-23.3638],[-44.9484,-23.3689],[-44.949,-23.3747],[-44.949,-23.3753],[-44.9493,-23.3785],[-44.9563,-23.3797],[-44.9609,-23.3805],[-44.9623,-23.3838],[-44.9629,-23.3851],[-44.9662,-23.3867],[-44.967,-23.387],[-44.9706,-23.3885],[-44.9707,-23.3895],[-44.9708,-23.3933],[-44.9735,-23.396],[-44.9786,-23.4001],[-44.983,-23.3969],[-44.9847,-23.397],[-44.9865,-23.3971],[-44.9933,-23.3976],[-45.008,-23.406],[-45.0095,-23.4088],[-45.0146,-23.418],[-45.0223,-23.416],[-45.0245,-23.4154],[-45.0317,-23.4135],[-45.0373,-23.4188],[-45.0396,-23.4212],[-45.0403,-23.4218],[-45.0436,-23.4253],[-45.0471,-23.4251],[-45.0465,-23.4238],[-45.0452,-23.421],[-45.0484,-23.4183],[-45.0517,-23.4157],[-45.0609,-23.4196],[-45.0642,-23.4266],[-45.06,-23.4308],[-45.0654,-23.4309],[-45.0687,-23.4352],[-45.067,-23.4466],[-45.0601,-23.4555],[-45.0593,-23.4566],[-45.055,-23.4589],[-45.0496,-23.4554],[-45.0379,-23.4478],[-45.0351,-23.4494],[-45.0347,-23.4561],[-45.0345,-23.4594],[-45.0277,-23.4602],[-45.0187,-23.4613],[-45.0328,-23.4644],[-45.0377,-23.463],[-45.0447,-23.4611],[-45.049,-23.4652],[-45.0522,-23.4684],[-45.0564,-23.465],[-45.0597,-23.4667],[-45.062,-23.4679],[-45.0634,-23.4687],[-45.0684,-23.4777],[-45.0736,-23.4869],[-45.0736,-23.4911],[-45.0735,-23.4911],[-45.0701,-23.4924],[-45.067,-23.4936],[-45.0722,-23.4997],[-45.0765,-23.5048],[-45.0802,-23.5091],[-45.0816,-23.5213],[-45.0842,-23.5166],[-45.0861,-23.5131],[-45.0851,-23.506],[-45.0846,-23.5026],[-45.0841,-23.4991],[-45.084,-23.4982],[-45.0836,-23.4953],[-45.0977,-23.4926],[-45.1036,-23.4959],[-45.1031,-23.4898],[-45.1065,-23.4886],[-45.1112,-23.4959],[-45.1182,-23.4994],[-45.124,-23.5022],[-45.1199,-23.5035],[-45.1172,-23.5043],[-45.1126,-23.5058],[-45.1079,-23.5073],[-45.11,-23.5124],[-45.1067,-23.5143],[-45.1063,-23.5232],[-45.1136,-23.5254],[-45.1134,-23.5197],[-45.1164,-23.52],[-45.1211,-23.5203],[-45.122,-23.516],[-45.133,-23.509],[-45.1376,-23.5111],[-45.137,-23.5078],[-45.1363,-23.5045],[-45.136,-23.5029],[-45.1441,-23.5011],[-45.1464,-23.4966],[-45.154,-23.4981],[-45.1599,-23.4993],[-45.1654,-23.4919],[-45.1712,-23.4931],[-45.1749,-23.5],[-45.172,-23.5024],[-45.173,-23.5098],[-45.1638,-23.5171],[-45.1661,-23.5283],[-45.1656,-23.5284],[-45.1584,-23.53],[-45.162,-23.5418],[-45.1649,-23.5408],[-45.1692,-23.5391],[-45.1743,-23.5428],[-45.1779,-23.5379],[-45.1855,-23.541],[-45.1897,-23.5333],[-45.1884,-23.531],[-45.1869,-23.5283],[-45.1951,-23.5197],[-45.213,-23.5253],[-45.2278,-23.5376],[-45.2312,-23.5485],[-45.228,-23.5504],[-45.2278,-23.5504],[-45.2181,-23.5563],[-45.2171,-23.5589],[-45.2157,-23.5646],[-45.2124,-23.5647],[-45.2095,-23.5646],[-45.2149,-23.5682],[-45.2102,-23.5705],[-45.2084,-23.5787],[-45.2111,-23.5825],[-45.2166,-23.5804],[-45.222,-23.5811],[-45.2289,-23.582],[-45.2343,-23.5827],[-45.2445,-23.5929],[-45.2527,-23.5932],[-45.255,-23.5917],[-45.2579,-23.5899],[-45.2596,-23.5921],[-45.2631,-23.5967],[-45.2634,-23.591],[-45.2635,-23.589],[-45.2694,-23.5874],[-45.2729,-23.5864],[-45.2759,-23.5874],[-45.2783,-23.5883],[-45.2791,-23.5865],[-45.2802,-23.5841],[-45.2771,-23.5777],[-45.2812,-23.573],[-45.286,-23.5738],[-45.2931,-23.5751],[-45.2972,-23.5716],[-45.3082,-23.5749],[-45.3145,-23.5767],[-45.3191,-23.5778],[-45.3287,-23.5857],[-45.3334,-23.5894],[-45.3365,-23.5919],[-45.3382,-23.5945],[-45.339,-23.5957],[-45.3511,-23.6139],[-45.355,-23.6198],[-45.358,-23.6243],[-45.3641,-23.6271],[-45.3703,-23.6299],[-45.3757,-23.6253],[-45.3777,-23.6237],[-45.38,-23.6256],[-45.3808,-23.6262],[-45.3826,-23.6277],[-45.3895,-23.6334],[-45.3963,-23.6294],[-45.3966,-23.6287],[-45.3986,-23.6234],[-45.4061,-23.6228],[-45.4103,-23.6272],[-45.4161,-23.6331],[-45.4184,-23.6354],[-45.4199,-23.6382],[-45.4261,-23.649],[-45.4297,-23.6553],[-45.4307,-23.666],[-45.431,-23.6689],[-45.4317,-23.6767],[-45.4323,-23.6837],[-45.4309,-23.6894],[-45.43,-23.6934],[-45.4293,-23.6965],[-45.4282,-23.7009],[-45.4265,-23.708],[-45.4204,-23.7259],[-45.4143,-23.7238],[-45.4122,-23.723],[-45.4044,-23.7237],[-45.4004,-23.7241],[-45.3968,-23.725],[-45.3975,-23.7306],[-45.3982,-23.7362],[-45.4031,-23.7413],[-45.4048,-23.743],[-45.4072,-23.7456],[-45.411,-23.7497],[-45.4058,-23.762],[-45.4006,-23.7749],[-45.3994,-23.7763],[-45.3963,-23.7798],[-45.3969,-23.7836],[-45.3976,-23.7877],[-45.3987,-23.7947],[-45.3965,-23.7977],[-45.3993,-23.8089],[-45.4027,-23.8065],[-45.4071,-23.8105],[-45.4057,-23.8154],[-45.4046,-23.8196],[-45.4099,-23.8212],[-45.4135,-23.8222],[-45.4201,-23.8241],[-45.4207,-23.8246],[-45.4308,-23.8318],[-45.4313,-23.8287],[-45.4341,-23.8277],[-45.4394,-23.8259],[-45.4408,-23.8273],[-45.4449,-23.8314],[-45.4464,-23.8264],[-45.4464,-23.8264],[-45.4647,-23.8182],[-45.4679,-23.8202],[-45.4718,-23.8225],[-45.4741,-23.8238],[-45.4807,-23.8277],[-45.4899,-23.8298],[-45.4912,-23.8358],[-45.5005,-23.8389],[-45.5025,-23.8413],[-45.513,-23.84],[-45.5131,-23.831],[-45.5217,-23.8304],[-45.5371,-23.8291],[-45.5355,-23.8242],[-45.5338,-23.8191],[-45.5336,-23.8185],[-45.5435,-23.8084],[-45.5495,-23.8089],[-45.5542,-23.8093],[-45.5543,-23.7972],[-45.5612,-23.7911],[-45.5859,-23.792],[-45.5907,-23.7945],[-45.594,-23.7962],[-45.5968,-23.7976],[-45.6058,-23.7996],[-45.6177,-23.8023],[-45.6231,-23.8036],[-45.6261,-23.7997],[-45.6259,-23.7966],[-45.6252,-23.7877],[-45.636,-23.7831],[-45.6417,-23.7846],[-45.6426,-23.7777],[-45.6465,-23.7782],[-45.6574,-23.7795],[-45.6575,-23.7795],[-45.6645,-23.7853],[-45.6643,-23.7789],[-45.6643,-23.7784],[-45.6676,-23.7764],[-45.6709,-23.7745],[-45.6776,-23.7748],[-45.6832,-23.775],[-45.686,-23.7771],[-45.6869,-23.7777],[-45.6898,-23.7799],[-45.6928,-23.782],[-45.6951,-23.7777],[-45.6961,-23.7757],[-45.6977,-23.7726],[-45.7033,-23.7737],[-45.7108,-23.7718],[-45.713,-23.7725],[-45.7172,-23.7738],[-45.726,-23.7704],[-45.733,-23.7677],[-45.7417,-23.7685],[-45.7557,-23.7698],[-45.7613,-23.7673],[-45.7614,-23.7661],[-45.7617,-23.7632],[-45.7682,-23.762],[-45.7782,-23.7641],[-45.7821,-23.765],[-45.7834,-23.7652],[-45.7904,-23.7667],[-45.7961,-23.7679],[-45.8024,-23.7692],[-45.8022,-23.7645],[-45.8021,-23.764],[-45.802,-23.7614],[-45.8103,-23.7575],[-45.8206,-23.7575],[-45.8215,-23.7575],[-45.844,-23.7576],[-45.8684,-23.7607],[-45.878,-23.7619],[-45.8849,-23.7628],[-45.8917,-23.7636],[-45.8918,-23.7636],[-45.9027,-23.765],[-45.978,-23.787],[-45.9887,-23.7912],[-45.9907,-23.7939],[-45.9915,-23.7951],[-45.9969,-23.8023],[-46.0001,-23.8011],[-46.0033,-23.7999],[-46.0065,-23.7988],[-46.0197,-23.804],[-46.0317,-23.8088],[-46.0352,-23.8122],[-46.0381,-23.8152],[-46.0378,-23.8164],[-46.0368,-23.8209],[-46.0387,-23.8236],[-46.0441,-23.8304],[-46.0501,-23.8291],[-46.044,-23.8245],[-46.048,-23.8196],[-46.0489,-23.8185],[-46.0513,-23.8156],[-46.0595,-23.813],[-46.0754,-23.8165],[-46.0845,-23.8204],[-46.0935,-23.8243],[-46.1183,-23.8351],[-46.13,-23.8451],[-46.1333,-23.8569],[-46.1385,-23.8555],[-46.1429,-23.8601],[-46.1377,-23.8589]]],[[[-45.3209,-23.9149],[-45.3238,-23.9117],[-45.3318,-23.9159],[-45.3341,-23.9185],[-45.3379,-23.9229],[-45.3397,-23.925],[-45.3427,-23.9221],[-45.3434,-23.9214],[-45.3479,-23.917],[-45.3502,-23.9195],[-45.3556,-23.9253],[-45.3582,-23.9282],[-45.3618,-23.9286],[-45.3686,-23.9293],[-45.3739,-23.9299],[-45.3794,-23.9305],[-45.3899,-23.9317],[-45.3954,-23.9323],[-45.3992,-23.9328],[-45.4002,-23.9334],[-45.4069,-23.9383],[-45.4274,-23.9404],[-45.4323,-23.9384],[-45.4372,-23.9364],[-45.4432,-23.934],[-45.4453,-23.9315],[-45.4505,-23.9256],[-45.4555,-23.9198],[-45.4597,-23.915],[-45.4601,-23.9089],[-45.4611,-23.8956],[-45.4617,-23.8878],[-45.4569,-23.8837],[-45.4514,-23.8837],[-45.4481,-23.8797],[-45.4475,-23.8789],[-45.446,-23.8772],[-45.445,-23.8759],[-45.4416,-23.8718],[-45.437,-23.8698],[-45.4341,-23.8686],[-45.4332,-23.8667],[-45.4326,-23.8654],[-45.4301,-23.8598],[-45.424,-23.8592],[-45.4179,-23.8587],[-45.4146,-23.8524],[-45.4139,-23.851],[-45.4118,-23.8466],[-45.4096,-23.8448],[-45.4077,-23.8432],[-45.3928,-23.8314],[-45.3901,-23.8292],[-45.3855,-23.8256],[-45.38,-23.8211],[-45.3766,-23.8184],[-45.3706,-23.8137],[-45.3659,-23.8096],[-45.3647,-23.8007],[-45.3642,-23.7974],[-45.3626,-23.7861],[-45.3584,-23.7844],[-45.3584,-23.7799],[-45.3584,-23.7777],[-45.3555,-23.7752],[-45.3531,-23.7732],[-45.3517,-23.7703],[-45.3488,-23.7641],[-45.35,-23.7593],[-45.3506,-23.7573],[-45.3486,-23.7478],[-45.3477,-23.7438],[-45.3466,-23.7387],[-45.341,-23.7271],[-45.3351,-23.7249],[-45.3288,-23.721],[-45.3159,-23.7237],[-45.311,-23.7276],[-45.307,-23.7309],[-45.307,-23.7309],[-45.2992,-23.7319],[-45.2975,-23.7321],[-45.2927,-23.7326],[-45.2904,-23.7356],[-45.29,-23.7361],[-45.2893,-23.7361],[-45.2752,-23.7349],[-45.2717,-23.7379],[-45.2661,-23.7427],[-45.2612,-23.7425],[-45.2569,-23.7476],[-45.2551,-23.75],[-45.2572,-23.7556],[-45.2582,-23.7587],[-45.2547,-23.7603],[-45.2544,-23.7605],[-45.2492,-23.7624],[-45.2454,-23.7613],[-45.2339,-23.7759],[-45.2296,-23.7763],[-45.2321,-23.7796],[-45.2342,-23.7824],[-45.2349,-23.791],[-45.2352,-23.7949],[-45.2354,-23.797],[-45.2357,-23.7996],[-45.2398,-23.8054],[-45.2419,-23.8083],[-45.2417,-23.8115],[-45.2375,-23.8108],[-45.2384,-23.8164],[-45.2387,-23.8184],[-45.2388,-23.8186],[-45.2445,-23.8221],[-45.2482,-23.8244],[-45.244,-23.8276],[-45.2446,-23.8312],[-45.2417,-23.8311],[-45.2383,-23.831],[-45.2433,-23.836],[-45.2412,-23.8385],[-45.237,-23.8373],[-45.2324,-23.8359],[-45.2279,-23.8382],[-45.2384,-23.8431],[-45.2473,-23.8396],[-45.2508,-23.8382],[-45.2514,-23.8379],[-45.2556,-23.8363],[-45.2642,-23.8373],[-45.2687,-23.8379],[-45.2722,-23.8383],[-45.2757,-23.8414],[-45.2786,-23.8441],[-45.285,-23.85],[-45.2853,-23.8544],[-45.2855,-23.8579],[-45.2857,-23.8619],[-45.2897,-23.8659],[-45.2878,-23.8723],[-45.2719,-23.8741],[-45.2689,-23.8745],[-45.2688,-23.879],[-45.2705,-23.8799],[-45.2769,-23.8833],[-45.2718,-23.8915],[-45.2678,-23.8913],[-45.2615,-23.8916],[-45.2514,-23.8986],[-45.2475,-23.9013],[-45.2452,-23.897],[-45.2451,-23.8968],[-45.2426,-23.8916],[-45.2351,-23.8989],[-45.2291,-23.8975],[-45.2244,-23.9025],[-45.2261,-23.9065],[-45.236,-23.9055],[-45.2371,-23.9069],[-45.2381,-23.908],[-45.2377,-23.9239],[-45.2359,-23.9257],[-45.2327,-23.9287],[-45.2354,-23.932],[-45.2368,-23.9336],[-45.2357,-23.9418],[-45.2357,-23.9419],[-45.2268,-23.9408],[-45.2341,-23.9472],[-45.2366,-23.9539],[-45.2381,-23.9579],[-45.2505,-23.9655],[-45.2549,-23.965],[-45.2623,-23.9639],[-45.2673,-23.9633],[-45.2703,-23.9597],[-45.2757,-23.9533],[-45.2777,-23.9508],[-45.28,-23.9481],[-45.2854,-23.9415],[-45.2832,-23.9368],[-45.2832,-23.9366],[-45.282,-23.934],[-45.2796,-23.9287],[-45.2839,-23.9211],[-45.2856,-23.9181],[-45.2902,-23.9102],[-45.2963,-23.9124],[-45.3017,-23.9146],[-45.304,-23.9086],[-45.3092,-23.9111],[-45.3133,-23.9135],[-45.3171,-23.9145],[-45.3209,-23.9149]]],[[[-45.0778,-23.5353],[-45.0721,-23.5383],[-45.0648,-23.538],[-45.0613,-23.533],[-45.0591,-23.5262],[-45.0437,-23.5326],[-45.0394,-23.5344],[-45.042,-23.5414],[-45.0468,-23.5428],[-45.0573,-23.5458],[-45.0698,-23.5562],[-45.0756,-23.561],[-45.0792,-23.5638],[-45.0806,-23.5583],[-45.0819,-23.5531],[-45.0783,-23.5456],[-45.0815,-23.541],[-45.0835,-23.5376],[-45.0801,-23.5335],[-45.0803,-23.5298],[-45.0805,-23.5254],[-45.0767,-23.53],[-45.0778,-23.5353]]],[[[-45.1398,-23.7999],[-45.1149,-23.8072],[-45.1183,-23.8145],[-45.1197,-23.8173],[-45.1323,-23.8125],[-45.1462,-23.8209],[-45.1564,-23.8129],[-45.1583,-23.8052],[-45.1486,-23.7945],[-45.1383,-23.7927],[-45.1392,-23.7968],[-45.1398,-23.7999]]],[[[-45.1634,-23.5667],[-45.1563,-23.5593],[-45.1517,-23.5631],[-45.1476,-23.5664],[-45.1458,-23.5702],[-45.1501,-23.5695],[-45.1527,-23.5684],[-45.1576,-23.5728],[-45.1611,-23.5691],[-45.1634,-23.5667]]],[[[-45.0197,-23.7587],[-45.0186,-23.7542],[-45.0093,-23.7522],[-45.0087,-23.7594],[-45.0119,-23.7621],[-45.0159,-23.7653],[-45.0203,-23.7629],[-45.0197,-23.7587]]],[[[-45.779,-23.8676],[-45.7818,-23.8705],[-45.7869,-23.8673],[-45.7874,-23.862],[-45.7846,-23.8584],[-45.7788,-23.8573],[-45.7755,-23.8587],[-45.779,-23.8676]]],[[[-45.2936,-23.5961],[-45.2923,-23.5932],[-45.286,-23.5931],[-45.2808,-23.5931],[-45.2828,-23.6011],[-45.2886,-23.6008],[-45.2953,-23.6],[-45.2936,-23.5961]]],[[[-45.0186,-23.7542],[-45.0243,-23.7519],[-45.0227,-23.7436],[-45.0184,-23.744],[-45.0146,-23.7467],[-45.0168,-23.7508],[-45.0186,-23.7542]]],[[[-45.7259,-23.8006],[-45.7191,-23.7978],[-45.7145,-23.803],[-45.7174,-23.8042],[-45.724,-23.803],[-45.7259,-23.8006]]],[[[-45.526,-23.8493],[-45.5228,-23.8457],[-45.5202,-23.8486],[-45.5222,-23.8544],[-45.5252,-23.854],[-45.526,-23.8493]]],[[[-46.9067,-24.3897],[-46.9031,-24.3872],[-46.9018,-24.3942],[-46.9034,-24.3966],[-46.9063,-24.3944],[-46.9067,-24.3897]]],[[[-46.9094,-24.3738],[-46.9045,-24.3738],[-46.9045,-24.3774],[-46.9086,-24.3805],[-46.9107,-24.3774],[-46.9094,-24.3738]]],[[[-45.0333,-23.5487],[-45.028,-23.5451],[-45.0247,-23.544],[-45.0258,-23.5493],[-45.0333,-23.5487]]],[[[-44.8514,-23.3992],[-44.8534,-23.4032],[-44.855,-23.398],[-44.8494,-23.3949],[-44.8514,-23.3992]]],[[[-44.9485,-23.3862],[-44.945,-23.3834],[-44.9405,-23.3835],[-44.9445,-23.3874],[-44.9485,-23.3862]]],[[[-46.9799,-24.371],[-46.979,-24.3679],[-46.9749,-24.3696],[-46.977,-24.3723],[-46.9799,-24.371]]],[[[-47.9135,-25.1668],[-47.9114,-25.1629],[-47.9084,-25.1669],[-47.9135,-25.1668]]],[[[-45.2286,-23.8132],[-45.2252,-23.8137],[-45.2282,-23.8171],[-45.2286,-23.8132]]],[[[-45.3252,-23.9159],[-45.3209,-23.9149],[-45.323,-23.9174],[-45.3241,-23.9186],[-45.3246,-23.9174],[-45.3252,-23.9159]]],[[[-45.714,-23.7902],[-45.7126,-23.7873],[-45.7091,-23.7882],[-45.714,-23.7902]]],[[[-45.2768,-23.8531],[-45.2786,-23.8549],[-45.2798,-23.8521],[-45.277,-23.8523],[-45.2761,-23.8524],[-45.2768,-23.8531]]],[[[-45.2972,-23.9206],[-45.297,-23.917],[-45.2945,-23.9188],[-45.2972,-23.9206]]],[[[-45.1564,-23.8308],[-45.1539,-23.8286],[-45.1531,-23.8316],[-45.1564,-23.8308]]],[[[-45.6717,-23.8047],[-45.6703,-23.802],[-45.6688,-23.8049],[-45.6717,-23.8047]]]]},"properties":{"uf":"SP"}}]}